condition,scope,auprc,recall,recall_at_50,recall_at_100,macro_f1,precision,roc_auc,ece,brier,n,n_pos,pos_rate,repeat_seed,best_epoch,val_auprc_weak,n_supervised,budget,n_annotations_used,n_annotations_positive,seed,annotation_source,is_fixture
A2_feedback_langsung,entity,0.6644509103207196,0.9074074074074074,0.5370370370370371,0.6666666666666666,0.5354722011381616,0.19215686274509805,0.892914653784219,0.3370735395587569,0.2863680572187783,583.0,54.0,0.09262435677530018,42,125,0.923005263440619,8,10,8,8,42,D:\Personal\satpam\data\synthetic\seed_42\human_annotations_majority.csv,False
A2_feedback_langsung,all,0.5658448585336668,0.9074074074074074,0.5,0.6111111111111112,0.5102665293983071,0.1540880503144654,0.8759578544061302,0.3785411417392123,0.3076053564414132,750.0,54.0,0.072,42,125,0.923005263440619,8,10,8,8,42,D:\Personal\satpam\data\synthetic\seed_42\human_annotations_majority.csv,False
A2_feedback_langsung,entity,0.6510704266757873,0.8703703703703703,0.5185185185185185,0.7037037037037037,0.5577832071795854,0.20434782608695654,0.8936848001120212,0.2929227467094834,0.2540386459452533,583.0,54.0,0.09262435677530018,43,109,0.9208548936982294,8,10,8,8,42,D:\Personal\satpam\data\synthetic\seed_42\human_annotations_majority.csv,False
A2_feedback_langsung,all,0.6124383875196465,0.8703703703703703,0.5185185185185185,0.6296296296296297,0.5349946801860531,0.16607773851590105,0.8867071094082588,0.32024612686525855,0.25932530672724236,750.0,54.0,0.072,43,109,0.9208548936982294,8,10,8,8,42,D:\Personal\satpam\data\synthetic\seed_42\human_annotations_majority.csv,False
A2_feedback_langsung,entity,0.6179166876904125,0.8703703703703703,0.5,0.6296296296296297,0.5501968193985198,0.19915254237288135,0.8818175453336133,0.2943265434491291,0.25991872590047277,583.0,54.0,0.09262435677530018,44,143,0.9240649432120043,8,10,8,8,42,D:\Personal\satpam\data\synthetic\seed_42\human_annotations_majority.csv,False
A2_feedback_langsung,all,0.5735338213857191,0.8703703703703703,0.48148148148148145,0.5555555555555556,0.5331305786131881,0.1649122807017544,0.8694125159642401,0.32586744943678414,0.26622624321606275,750.0,54.0,0.072,44,143,0.9240649432120043,8,10,8,8,42,D:\Personal\satpam\data\synthetic\seed_42\human_annotations_majority.csv,False
A2_feedback_langsung,entity,0.629762887044247,0.8703703703703703,0.5185185185185185,0.6666666666666666,0.5364930002112419,0.1902834008097166,0.8864384233004271,0.3228085519961533,0.2805116319576568,583.0,54.0,0.09262435677530018,45,91,0.9214042844792928,8,10,8,8,42,D:\Personal\satpam\data\synthetic\seed_42\human_annotations_majority.csv,False
A2_feedback_langsung,all,0.572571919394606,0.8703703703703703,0.48148148148148145,0.6111111111111112,0.5193303162067027,0.15666666666666668,0.8770221370796084,0.3415432094431117,0.28544367462826903,750.0,54.0,0.072,45,91,0.9214042844792928,8,10,8,8,42,D:\Personal\satpam\data\synthetic\seed_42\human_annotations_majority.csv,False
A2_feedback_langsung,entity,0.6395503300817378,0.8888888888888888,0.5555555555555556,0.6481481481481481,0.5434647595020696,0.19591836734693877,0.8900791150318561,0.3161396569927216,0.27387683500092413,583.0,54.0,0.09262435677530018,46,110,0.9173223160206313,8,10,8,8,42,D:\Personal\satpam\data\synthetic\seed_42\human_annotations_majority.csv,False
A2_feedback_langsung,all,0.5242468099267078,0.8888888888888888,0.46296296296296297,0.6111111111111112,0.5276313856892847,0.16271186440677965,0.8741219667943806,0.35217341225831694,0.2854433313391727,750.0,54.0,0.072,46,110,0.9173223160206313,8,10,8,8,42,D:\Personal\satpam\data\synthetic\seed_42\human_annotations_majority.csv,False
A3_feedback_propagasi,entity,0.6705193191230979,0.9074074074074074,0.5740740740740741,0.6851851851851852,0.5404466784714685,0.1952191235059761,0.9027165161380662,0.3281939440556706,0.28209755793880464,583.0,54.0,0.09262435677530018,42,117,0.9159182406674136,26,10,8,8,42,D:\Personal\satpam\data\synthetic\seed_42\human_annotations_majority.csv,False
A3_feedback_propagasi,all,0.581026691656483,0.9074074074074074,0.46296296296296297,0.6296296296296297,0.5138942233830082,0.15605095541401273,0.8847914005959984,0.3713521453734242,0.30312462309499905,750.0,54.0,0.072,42,117,0.9159182406674136,26,10,8,8,42,D:\Personal\satpam\data\synthetic\seed_42\human_annotations_majority.csv,False
A3_feedback_propagasi,entity,0.6581055535470222,0.9259259259259259,0.5185185185185185,0.7037037037037037,0.5575512269162661,0.2074688796680498,0.902086396415319,0.31825555826015683,0.275556586413381,583.0,54.0,0.09262435677530018,43,111,0.923339555384812,26,10,8,8,42,D:\Personal\satpam\data\synthetic\seed_42\human_annotations_majority.csv,False
A3_feedback_propagasi,all,0.6028732061661655,0.9259259259259259,0.5,0.6111111111111112,0.5332247290471833,0.16835016835016836,0.895966368667518,0.3403553534187682,0.2798914837381611,750.0,54.0,0.072,43,111,0.923339555384812,26,10,8,8,42,D:\Personal\satpam\data\synthetic\seed_42\human_annotations_majority.csv,False
A3_feedback_propagasi,entity,0.6105289717246449,0.9074074074074074,0.5,0.6296296296296297,0.5392004863961088,0.19444444444444445,0.882937758174053,0.33351486468374175,0.28930567350015063,583.0,54.0,0.09262435677530018,44,108,0.9227634687490416,26,10,8,8,42,D:\Personal\satpam\data\synthetic\seed_42\human_annotations_majority.csv,False
A3_feedback_propagasi,all,0.5257036402360694,0.9074074074074074,0.46296296296296297,0.5370370370370371,0.523036131847489,0.1611842105263158,0.868880374627501,0.371628011162899,0.30199636895827686,750.0,54.0,0.072,44,108,0.9227634687490416,26,10,8,8,42,D:\Personal\satpam\data\synthetic\seed_42\human_annotations_majority.csv,False
A3_feedback_propagasi,entity,0.6348302921824978,0.8703703703703703,0.5370370370370371,0.6111111111111112,0.5603318250377074,0.20614035087719298,0.8848631239935588,0.292377130834375,0.25984723217325956,583.0,54.0,0.09262435677530018,45,119,0.9238698949258458,26,10,8,8,42,D:\Personal\satpam\data\synthetic\seed_42\human_annotations_majority.csv,False
A3_feedback_propagasi,all,0.5892226878950505,0.8703703703703703,0.5,0.5740740740740741,0.5406252665148771,0.16967509025270758,0.8752128565346956,0.30583780960377643,0.26104576162999477,750.0,54.0,0.072,45,119,0.9238698949258458,26,10,8,8,42,D:\Personal\satpam\data\synthetic\seed_42\human_annotations_majority.csv,False
A3_feedback_propagasi,entity,0.6650503810254405,0.9259259259259259,0.5555555555555556,0.7222222222222222,0.5274600008142328,0.18867924528301888,0.9061471679619127,0.3509012805055821,0.2997007187374743,583.0,54.0,0.09262435677530018,46,99,0.9167843490839809,26,10,8,8,42,D:\Personal\satpam\data\synthetic\seed_42\human_annotations_majority.csv,False
A3_feedback_propagasi,all,0.5550766181390844,0.9259259259259259,0.46296296296296297,0.6481481481481481,0.5102029226925116,0.15527950310559005,0.8913101319710515,0.3828066595741133,0.31049937731475696,750.0,54.0,0.072,46,99,0.9167843490839809,26,10,8,8,42,D:\Personal\satpam\data\synthetic\seed_42\human_annotations_majority.csv,False
A2_feedback_langsung,entity,0.669570949639776,0.9259259259259259,0.5740740740740741,0.6851851851851852,0.5398753082363781,0.19607843137254902,0.900336063852132,0.3320932829790392,0.29070548296123355,583.0,54.0,0.09262435677530018,42,131,0.9181320357811985,19,25,19,18,42,D:\Personal\satpam\data\synthetic\seed_42\human_annotations_majority.csv,False
A2_feedback_langsung,all,0.5781381997370393,0.9259259259259259,0.5185185185185185,0.6111111111111112,0.5083892142715671,0.15432098765432098,0.8826628352490421,0.38619727930000414,0.31798035800620333,750.0,54.0,0.072,42,131,0.9181320357811985,19,25,19,18,42,D:\Personal\satpam\data\synthetic\seed_42\human_annotations_majority.csv,False
A2_feedback_langsung,entity,0.6323132820640027,0.8703703703703703,0.5185185185185185,0.6481481481481481,0.5641746776416013,0.2088888888888889,0.8886438423300427,0.27912464050662555,0.24121779905385093,583.0,54.0,0.09262435677530018,43,109,0.9231847002045541,19,25,19,18,42,D:\Personal\satpam\data\synthetic\seed_42\human_annotations_majority.csv,False
A2_feedback_langsung,all,0.579066994021613,0.8703703703703703,0.5,0.6111111111111112,0.5368650310678368,0.16725978647686832,0.8770487441464453,0.31265381758163535,0.2532530044073674,750.0,54.0,0.072,43,109,0.9231847002045541,19,25,19,18,42,D:\Personal\satpam\data\synthetic\seed_42\human_annotations_majority.csv,False
A2_feedback_langsung,entity,0.6446729486615086,0.8703703703703703,0.5555555555555556,0.6481481481481481,0.5426918297607952,0.19421487603305784,0.891444374431142,0.3160314351836915,0.27539025143156715,583.0,54.0,0.09262435677530018,44,104,0.9175679989973116,19,25,19,18,42,D:\Personal\satpam\data\synthetic\seed_42\human_annotations_majority.csv,False
A2_feedback_langsung,all,0.5729133972237749,0.8703703703703703,0.5,0.6111111111111112,0.5220667544427335,0.15824915824915825,0.8751064282673477,0.35126026847603636,0.28748975290242645,750.0,54.0,0.072,44,104,0.9175679989973116,19,25,19,18,42,D:\Personal\satpam\data\synthetic\seed_42\human_annotations_majority.csv,False
A2_feedback_langsung,entity,0.6849309705749006,0.9444444444444444,0.5555555555555556,0.7222222222222222,0.5724671288643652,0.21888412017167383,0.9118182454666387,0.3000429054544619,0.2578855579938414,583.0,54.0,0.09262435677530018,45,106,0.9178861415256404,19,25,19,18,42,D:\Personal\satpam\data\synthetic\seed_42\human_annotations_majority.csv,False
A2_feedback_langsung,all,0.615951824511343,0.9444444444444444,0.5185185185185185,0.6666666666666666,0.5474137931034483,0.17832167832167833,0.9020061728395061,0.3220745708628051,0.2656692117143233,750.0,54.0,0.072,45,106,0.9178861415256404,19,25,19,18,42,D:\Personal\satpam\data\synthetic\seed_42\human_annotations_majority.csv,False
A2_feedback_langsung,entity,0.638348317623612,0.9074074074074074,0.5370370370370371,0.6481481481481481,0.5194724912425304,0.1828358208955224,0.8878736960022404,0.3648768265142639,0.3211010361107965,583.0,54.0,0.09262435677530018,46,110,0.9146425314527349,19,25,19,18,42,D:\Personal\satpam\data\synthetic\seed_42\human_annotations_majority.csv,False
A2_feedback_langsung,all,0.5576729458190288,0.9074074074074074,0.46296296296296297,0.6111111111111112,0.5057526377574278,0.15170278637770898,0.8774478501489996,0.39553582853703384,0.3273146623168715,750.0,54.0,0.072,46,110,0.9146425314527349,19,25,19,18,42,D:\Personal\satpam\data\synthetic\seed_42\human_annotations_majority.csv,False
A3_feedback_propagasi,entity,0.6690412341146457,0.8888888888888888,0.5555555555555556,0.6481481481481481,0.5484753546478818,0.1991701244813278,0.8975355317510327,0.3193520693338639,0.2818380680263716,583.0,54.0,0.09262435677530018,42,155,0.9207364657412599,53,25,19,18,42,D:\Personal\satpam\data\synthetic\seed_42\human_annotations_majority.csv,False
A3_feedback_propagasi,all,0.5859583652867982,0.8888888888888888,0.48148148148148145,0.6296296296296297,0.5184549544820919,0.15737704918032788,0.8785653469561515,0.3640998843791712,0.30470896499600025,750.0,54.0,0.072,42,155,0.9207364657412599,53,25,19,18,42,D:\Personal\satpam\data\synthetic\seed_42\human_annotations_majority.csv,False
A3_feedback_propagasi,entity,0.6553184174873296,0.9074074074074074,0.5185185185185185,0.7407407407407407,0.5658004261505069,0.21212121212121213,0.8987257578939999,0.2877552363598014,0.24563454678996555,583.0,54.0,0.09262435677530018,43,109,0.9256684335292982,53,25,19,18,42,D:\Personal\satpam\data\synthetic\seed_42\human_annotations_majority.csv,False
A3_feedback_propagasi,all,0.6004478177647316,0.9074074074074074,0.5,0.6296296296296297,0.5426490887426614,0.17314487632508835,0.8889154959557258,0.3140621966479813,0.2542499512411065,750.0,54.0,0.072,43,109,0.9256684335292982,53,25,19,18,42,D:\Personal\satpam\data\synthetic\seed_42\human_annotations_majority.csv,False
A3_feedback_propagasi,entity,0.6237592609342284,0.9074074074074074,0.5185185185185185,0.6296296296296297,0.5841637634253438,0.22580645161290322,0.8933697402506476,0.2756769213348088,0.2291857714828081,583.0,54.0,0.09262435677530018,44,79,0.9185490920874467,53,25,19,18,42,D:\Personal\satpam\data\synthetic\seed_42\human_annotations_majority.csv,False
A3_feedback_propagasi,all,0.509720465888049,0.9074074074074074,0.4444444444444444,0.5740740740740741,0.5580763041703328,0.18352059925093633,0.8710355470412942,0.32766291236295875,0.25468508223825637,750.0,54.0,0.072,44,79,0.9185490920874467,53,25,19,18,42,D:\Personal\satpam\data\synthetic\seed_42\human_annotations_majority.csv,False
A3_feedback_propagasi,entity,0.639233084050867,0.8703703703703703,0.5185185185185185,0.6481481481481481,0.5527160845355606,0.20085470085470086,0.8863334033466358,0.3142839850978255,0.2803515003071844,583.0,54.0,0.09262435677530018,45,119,0.9225876269906993,53,25,19,18,42,D:\Personal\satpam\data\synthetic\seed_42\human_annotations_majority.csv,False
A3_feedback_propagasi,all,0.598944412066193,0.8703703703703703,0.5185185185185185,0.5925925925925926,0.5368650310678368,0.16725978647686832,0.887159429544487,0.3195187427205804,0.2747154296215634,750.0,54.0,0.072,45,119,0.9225876269906993,53,25,19,18,42,D:\Personal\satpam\data\synthetic\seed_42\human_annotations_majority.csv,False
A3_feedback_propagasi,entity,0.6348094933363969,0.9259259259259259,0.5370370370370371,0.6851851851851852,0.5274600008142328,0.18867924528301888,0.8972904851921866,0.3525261129908558,0.30355573557087534,583.0,54.0,0.09262435677530018,46,95,0.9153473908151734,53,25,19,18,42,D:\Personal\satpam\data\synthetic\seed_42\human_annotations_majority.csv,False
A3_feedback_propagasi,all,0.533757027549746,0.9259259259259259,0.46296296296296297,0.5740740740740741,0.5102029226925116,0.15527950310559005,0.8833812260536399,0.38050317848419346,0.31174324016502447,750.0,54.0,0.072,46,95,0.9153473908151734,53,25,19,18,42,D:\Personal\satpam\data\synthetic\seed_42\human_annotations_majority.csv,False
A2_feedback_langsung,entity,0.6946205536343931,0.9259259259259259,0.5925925925925926,0.7407407407407407,0.5486647657591366,0.20161290322580644,0.9149688440803753,0.3304562703392519,0.2862970508486301,583.0,54.0,0.09262435677530018,42,154,0.9177315286511281,37,50,37,33,42,D:\Personal\satpam\data\synthetic\seed_42\human_annotations_majority.csv,False
A2_feedback_langsung,all,0.6179340300532645,0.9259259259259259,0.5370370370370371,0.6296296296296297,0.5202462132641361,0.1607717041800643,0.9036159003831418,0.3738486698839268,0.307583910985505,750.0,54.0,0.072,42,154,0.9177315286511281,37,50,37,33,42,D:\Personal\satpam\data\synthetic\seed_42\human_annotations_majority.csv,False
A2_feedback_langsung,entity,0.6553666665697101,0.8703703703703703,0.5370370370370371,0.6666666666666666,0.5654611445978353,0.20982142857142858,0.8955751592802632,0.2896357867035332,0.2502567018499751,583.0,54.0,0.09262435677530018,43,108,0.9194080632980336,37,50,37,33,42,D:\Personal\satpam\data\synthetic\seed_42\human_annotations_majority.csv,False
A2_feedback_langsung,all,0.6014925784704367,0.8703703703703703,0.5185185185185185,0.6481481481481481,0.5463175122749591,0.17343173431734318,0.8833546189868029,0.32105060553793313,0.2577127596648483,750.0,54.0,0.072,43,108,0.9194080632980336,37,50,37,33,42,D:\Personal\satpam\data\synthetic\seed_42\human_annotations_majority.csv,False
A2_feedback_langsung,entity,0.65469237885041,0.8703703703703703,0.5555555555555556,0.6481481481481481,0.5771738094350023,0.2186046511627907,0.9004410838059231,0.26876826722186276,0.23036025943745747,583.0,54.0,0.09262435677530018,44,105,0.9151415449711239,37,50,37,33,42,D:\Personal\satpam\data\synthetic\seed_42\human_annotations_majority.csv,False
A2_feedback_langsung,all,0.5728633543942158,0.8703703703703703,0.5,0.6111111111111112,0.5520771674819969,0.17735849056603772,0.8804810557684121,0.31089507095877245,0.24870956881597656,750.0,54.0,0.072,44,105,0.9151415449711239,37,50,37,33,42,D:\Personal\satpam\data\synthetic\seed_42\human_annotations_majority.csv,False
A2_feedback_langsung,entity,0.6632266477946342,0.8703703703703703,0.5555555555555556,0.7037037037037037,0.5667504558320101,0.21076233183856502,0.9052544983546874,0.2926607474234073,0.2571032203771276,583.0,54.0,0.09262435677530018,45,96,0.9164317780975255,37,50,37,33,42,D:\Personal\satpam\data\synthetic\seed_42\human_annotations_majority.csv,False
A2_feedback_langsung,all,0.602637809847113,0.8703703703703703,0.5,0.6296296296296297,0.542515554471148,0.1709090909090909,0.89629895700298,0.31575158772144485,0.2658323649059708,750.0,54.0,0.072,45,96,0.9164317780975255,37,50,37,33,42,D:\Personal\satpam\data\synthetic\seed_42\human_annotations_majority.csv,False
A2_feedback_langsung,entity,0.6442919101405449,0.9074074074074074,0.5370370370370371,0.7037037037037037,0.5231445670317144,0.18490566037735848,0.8920044808513616,0.3602812282161414,0.3123525479067185,583.0,54.0,0.09262435677530018,46,110,0.9131034444919014,37,50,37,33,42,D:\Personal\satpam\data\synthetic\seed_42\human_annotations_majority.csv,False
A2_feedback_langsung,all,0.5455914338085547,0.9074074074074074,0.46296296296296297,0.6111111111111112,0.5102665293983071,0.1540880503144654,0.8855363984674329,0.3858674619313504,0.31605652206370477,750.0,54.0,0.072,46,110,0.9131034444919014,37,50,37,33,42,D:\Personal\satpam\data\synthetic\seed_42\human_annotations_majority.csv,False
A3_feedback_propagasi,entity,0.6819630487589712,0.9444444444444444,0.5740740740740741,0.7037037037037037,0.5455377955377956,0.20078740157480315,0.9093852832038087,0.3330490789671934,0.28649035521634236,583.0,54.0,0.09262435677530018,42,169,0.9174784397697299,91,50,37,33,42,D:\Personal\satpam\data\synthetic\seed_42\human_annotations_majority.csv,False
A3_feedback_propagasi,all,0.60377102106538,0.9444444444444444,0.5,0.6296296296296297,0.5220184170211948,0.16293929712460065,0.9015405491698596,0.35666042973971956,0.2970652484081434,750.0,54.0,0.072,42,169,0.9174784397697299,91,50,37,33,42,D:\Personal\satpam\data\synthetic\seed_42\human_annotations_majority.csv,False
A3_feedback_propagasi,entity,0.6446620907898817,0.9259259259259259,0.5370370370370371,0.6666666666666666,0.5601100907388512,0.20920502092050208,0.8994959042218021,0.3081564318921933,0.24916623716588981,583.0,54.0,0.09262435677530018,43,56,0.908801859014582,91,50,37,33,42,D:\Personal\satpam\data\synthetic\seed_42\human_annotations_majority.csv,False
A3_feedback_propagasi,all,0.5826808641748635,0.9259259259259259,0.5185185185185185,0.6111111111111112,0.5350996641764107,0.1694915254237288,0.8854565772669221,0.3442726989748328,0.2641343793055889,750.0,54.0,0.072,43,56,0.908801859014582,91,50,37,33,42,D:\Personal\satpam\data\synthetic\seed_42\human_annotations_majority.csv,False
A3_feedback_propagasi,entity,0.611354633551003,0.9074074074074074,0.5185185185185185,0.6296296296296297,0.5429444450818198,0.19678714859437751,0.877021634110481,0.3311485272790616,0.28392255166306624,583.0,54.0,0.09262435677530018,44,96,0.9142403778380296,91,50,37,33,42,D:\Personal\satpam\data\synthetic\seed_42\human_annotations_majority.csv,False
A3_feedback_propagasi,all,0.5502256723860023,0.9074074074074074,0.46296296296296297,0.5740740740740741,0.5276506516568658,0.16387959866220736,0.868960195828012,0.3637529914757808,0.29273010761898527,750.0,54.0,0.072,44,96,0.9142403778380296,91,50,37,33,42,D:\Personal\satpam\data\synthetic\seed_42\human_annotations_majority.csv,False
A3_feedback_propagasi,entity,0.6780078503670426,0.9074074074074074,0.5555555555555556,0.6851851851851852,0.5429444450818198,0.19678714859437751,0.9021214030665827,0.3324535000487384,0.2940123120477983,583.0,54.0,0.09262435677530018,45,119,0.91846359389574,91,50,37,33,42,D:\Personal\satpam\data\synthetic\seed_42\human_annotations_majority.csv,False
A3_feedback_propagasi,all,0.6365207482554434,0.9074074074074074,0.5370370370370371,0.6481481481481481,0.5285773677541971,0.1644295302013423,0.899930821626224,0.34251733643731985,0.2891549573811514,750.0,54.0,0.072,45,119,0.91846359389574,91,50,37,33,42,D:\Personal\satpam\data\synthetic\seed_42\human_annotations_majority.csv,False
A3_feedback_propagasi,entity,0.6771844977689534,0.9259259259259259,0.5555555555555556,0.7222222222222222,0.5274600008142328,0.18867924528301888,0.9017363299026815,0.3666147115821103,0.32503054884174315,583.0,54.0,0.09262435677530018,46,168,0.9197258320417783,91,50,37,33,42,D:\Personal\satpam\data\synthetic\seed_42\human_annotations_majority.csv,False
A3_feedback_propagasi,all,0.5728780438182428,0.9259259259259259,0.5185185185185185,0.6296296296296297,0.5111111111111111,0.1557632398753894,0.8934653043848446,0.3855727460441682,0.3273301559456216,750.0,54.0,0.072,46,168,0.9197258320417783,91,50,37,33,42,D:\Personal\satpam\data\synthetic\seed_42\human_annotations_majority.csv,False
A2_feedback_langsung,entity,0.6643304332596622,0.9074074074074074,0.5740740740740741,0.6666666666666666,0.5329948665876911,0.19066147859922178,0.8959602324441645,0.352201642673325,0.3028294971389744,583.0,54.0,0.09262435677530018,42,137,0.9133846930088885,69,100,69,61,42,D:\Personal\satpam\data\synthetic\seed_42\human_annotations_majority.csv,False
A2_feedback_langsung,all,0.5783724331986132,0.9074074074074074,0.48148148148148145,0.6111111111111112,0.5093619683565231,0.1536050156739812,0.8811462324393359,0.40195837237210796,0.3263209937852145,750.0,54.0,0.072,42,137,0.9133846930088885,69,100,69,61,42,D:\Personal\satpam\data\synthetic\seed_42\human_annotations_majority.csv,False
A2_feedback_langsung,entity,0.6443118642052319,0.9074074074074074,0.5370370370370371,0.6851851851851852,0.5416946513615826,0.196,0.8891689420989988,0.3382254058879236,0.29231378825281545,583.0,54.0,0.09262435677530018,43,93,0.9174190428838839,69,100,69,61,42,D:\Personal\satpam\data\synthetic\seed_42\human_annotations_majority.csv,False
A2_feedback_langsung,all,0.5991720979635142,0.9074074074074074,0.5,0.6111111111111112,0.5221168939917338,0.16065573770491803,0.877234993614304,0.3739078173248005,0.30143914694445706,750.0,54.0,0.072,43,93,0.9174190428838839,69,100,69,61,42,D:\Personal\satpam\data\synthetic\seed_42\human_annotations_majority.csv,False
A2_feedback_langsung,entity,0.6361649028616468,0.9074074074074074,0.5370370370370371,0.6481481481481481,0.5317585420044437,0.18992248062015504,0.884828117342295,0.35559322999097515,0.3062451259434595,583.0,54.0,0.09262435677530018,44,104,0.9179769531730025,69,100,69,61,42,D:\Personal\satpam\data\synthetic\seed_42\human_annotations_majority.csv,False
A2_feedback_langsung,all,0.5988705278759502,0.9074074074074074,0.5,0.5925925925925926,0.5193661458990766,0.1590909090909091,0.874467858663261,0.38786148147558563,0.3126741077774008,750.0,54.0,0.072,44,104,0.9179769531730025,69,100,69,61,42,D:\Personal\satpam\data\synthetic\seed_42\human_annotations_majority.csv,False
A2_feedback_langsung,entity,0.6424323020347388,0.8703703703703703,0.5370370370370371,0.6296296296296297,0.5364930002112419,0.1902834008097166,0.8833928446404816,0.33070514200934675,0.280872836206303,583.0,54.0,0.09262435677530018,45,90,0.9179447430974119,69,100,69,61,42,D:\Personal\satpam\data\synthetic\seed_42\human_annotations_majority.csv,False
A2_feedback_langsung,all,0.5868724693345961,0.8703703703703703,0.5185185185185185,0.6296296296296297,0.5211533892936332,0.15771812080536912,0.8718603661132397,0.3555874589232019,0.28582004042086356,750.0,54.0,0.072,45,90,0.9179447430974119,69,100,69,61,42,D:\Personal\satpam\data\synthetic\seed_42\human_annotations_majority.csv,False
A2_feedback_langsung,entity,0.6796738848411584,1.0,0.5555555555555556,0.7037037037037037,0.5396619033453427,0.20074349442379183,0.918504515858013,0.3676322995377391,0.31508431363999395,583.0,54.0,0.09262435677530018,46,176,0.9178555169219372,69,100,69,61,42,D:\Personal\satpam\data\synthetic\seed_42\human_annotations_majority.csv,False
A2_feedback_langsung,all,0.6241265204232753,1.0,0.5185185185185185,0.6296296296296297,0.5262677976083053,0.16875,0.9156023839931886,0.3758284840713459,0.31034117238072106,750.0,54.0,0.072,46,176,0.9178555169219372,69,100,69,61,42,D:\Personal\satpam\data\synthetic\seed_42\human_annotations_majority.csv,False
A3_feedback_propagasi,entity,0.6815823140914248,0.9074074074074074,0.5925925925925926,0.7037037037037037,0.5606562163399131,0.20851063829787234,0.900196037247077,0.3060170252213774,0.26569557690917606,583.0,54.0,0.09262435677530018,42,152,0.9157804084543351,162,100,69,61,42,D:\Personal\satpam\data\synthetic\seed_42\human_annotations_majority.csv,False
A3_feedback_propagasi,all,0.6131484199188975,0.9074074074074074,0.5370370370370371,0.6296296296296297,0.5304347826086957,0.16554054054054054,0.8858024691358025,0.34794312953146433,0.28445730320632423,750.0,54.0,0.072,42,152,0.9157804084543351,162,100,69,61,42,D:\Personal\satpam\data\synthetic\seed_42\human_annotations_majority.csv,False
A3_feedback_propagasi,entity,0.6515007493545422,0.8703703703703703,0.5555555555555556,0.6481481481481481,0.5693378226711561,0.21266968325791855,0.886718476510537,0.28958244939391675,0.23994017369134407,583.0,54.0,0.09262435677530018,43,87,0.9138177986837626,162,100,69,61,42,D:\Personal\satpam\data\synthetic\seed_42\human_annotations_majority.csv,False
A3_feedback_propagasi,all,0.5850428195601747,0.8703703703703703,0.5,0.6111111111111112,0.5444128987853618,0.17216117216117216,0.8720200085142614,0.33004443413936435,0.2564301887925121,750.0,54.0,0.072,43,87,0.9138177986837626,162,100,69,61,42,D:\Personal\satpam\data\synthetic\seed_42\human_annotations_majority.csv,False
A3_feedback_propagasi,entity,0.6460990088092331,0.9074074074074074,0.5555555555555556,0.6481481481481481,0.5542813455657493,0.20416666666666666,0.8935447735069664,0.3163883479035601,0.2621411049039781,583.0,54.0,0.09262435677530018,44,94,0.9211545639062384,162,100,69,61,42,D:\Personal\satpam\data\synthetic\seed_42\human_annotations_majority.csv,False
A3_feedback_propagasi,all,0.5834681866062666,0.9074074074074074,0.5185185185185185,0.5925925925925926,0.5369798740585258,0.1695501730103806,0.8857758620689655,0.3560439771216285,0.2764649303847247,750.0,54.0,0.072,44,94,0.9211545639062384,162,100,69,61,42,D:\Personal\satpam\data\synthetic\seed_42\human_annotations_majority.csv,False
A3_feedback_propagasi,entity,0.6689099326334523,0.9074074074074074,0.5555555555555556,0.7037037037037037,0.5467051578137028,0.1991869918699187,0.9044668487012533,0.3328457481673165,0.286812398419308,583.0,54.0,0.09262435677530018,45,103,0.9145411022692312,162,100,69,61,42,D:\Personal\satpam\data\synthetic\seed_42\human_annotations_majority.csv,False
A3_feedback_propagasi,all,0.619434955906929,0.9074074074074074,0.5370370370370371,0.6111111111111112,0.5295054041790335,0.16498316498316498,0.8998776074925501,0.3522923377006979,0.28788393142393415,750.0,54.0,0.072,45,103,0.9145411022692312,162,100,69,61,42,D:\Personal\satpam\data\synthetic\seed_42\human_annotations_majority.csv,False
A3_feedback_propagasi,entity,0.6568831198112184,0.9629629629629629,0.5370370370370371,0.6851851851851852,0.5261251016026798,0.19047619047619047,0.9052019883777919,0.37415818472565676,0.3146795424464199,583.0,54.0,0.09262435677530018,46,95,0.9123321502918434,162,100,69,61,42,D:\Personal\satpam\data\synthetic\seed_42\human_annotations_majority.csv,False
A3_feedback_propagasi,all,0.5765824684476238,0.9629629629629629,0.5,0.6296296296296297,0.5090559664550696,0.15709969788519637,0.8989463601532568,0.4072593659853835,0.3267330714872767,750.0,54.0,0.072,46,95,0.9123321502918434,162,100,69,61,42,D:\Personal\satpam\data\synthetic\seed_42\human_annotations_majority.csv,False
A2_feedback_langsung,entity,0.7126152343686628,0.9444444444444444,0.5925925925925926,0.7777777777777778,0.5280533396131994,0.19029850746268656,0.9165091367359798,0.3614407770854283,0.30726507636714284,583.0,54.0,0.09262435677530018,42,152,0.9099032610088879,104,150,104,84,42,D:\Personal\satpam\data\synthetic\seed_42\human_annotations_majority.csv,False
A2_feedback_langsung,all,0.6366196878563625,0.9444444444444444,0.5185185185185185,0.6481481481481481,0.504655770643994,0.1536144578313253,0.90764687100894,0.4067416854278053,0.3293385515145597,750.0,54.0,0.072,42,152,0.9099032610088879,104,150,104,84,42,D:\Personal\satpam\data\synthetic\seed_42\human_annotations_majority.csv,False
A2_feedback_langsung,entity,0.6678250789408288,0.9259259259259259,0.5370370370370371,0.7037037037037037,0.5151775954795859,0.18181818181818182,0.8952951060701533,0.38092601616068356,0.3221674071595362,583.0,54.0,0.09262435677530018,43,92,0.911391204897716,104,150,104,84,42,D:\Personal\satpam\data\synthetic\seed_42\human_annotations_majority.csv,False
A2_feedback_langsung,all,0.6012710504630941,0.9259259259259259,0.5,0.6111111111111112,0.5002681487982058,0.15015015015015015,0.8870796083439761,0.40942156858125234,0.3283223845147542,750.0,54.0,0.072,43,92,0.911391204897716,104,150,104,84,42,D:\Personal\satpam\data\synthetic\seed_42\human_annotations_majority.csv,False
A2_feedback_langsung,entity,0.6362255464955482,0.9444444444444444,0.5185185185185185,0.6296296296296297,0.5505937843448528,0.204,0.8942799131835049,0.34446711645149214,0.2789731142534638,583.0,54.0,0.09262435677530018,44,80,0.9118070333620314,104,150,104,84,42,D:\Personal\satpam\data\synthetic\seed_42\human_annotations_majority.csv,False
A2_feedback_langsung,all,0.5535545422598975,0.9444444444444444,0.48148148148148145,0.5925925925925926,0.5331816224860078,0.16943521594684385,0.88276926351639,0.38751763541404705,0.2976726649185163,750.0,54.0,0.072,44,80,0.9118070333620314,104,150,104,84,42,D:\Personal\satpam\data\synthetic\seed_42\human_annotations_majority.csv,False
A2_feedback_langsung,entity,0.6442967138031804,0.9074074074074074,0.5,0.6481481481481481,0.5206953123559881,0.18352059925093633,0.8920744941538893,0.36900320739488723,0.3081627767850333,583.0,54.0,0.09262435677530018,45,90,0.9166665044960279,104,150,104,84,42,D:\Personal\satpam\data\synthetic\seed_42\human_annotations_majority.csv,False
A2_feedback_langsung,all,0.5915334722372574,0.9074074074074074,0.5,0.5925925925925926,0.5084583163153845,0.153125,0.8874787143465305,0.3867583939501783,0.3076926940458832,750.0,54.0,0.072,45,90,0.9166665044960279,104,150,104,84,42,D:\Personal\satpam\data\synthetic\seed_42\human_annotations_majority.csv,False
A2_feedback_langsung,entity,0.6993977903704982,0.9814814814814815,0.5555555555555556,0.7407407407407407,0.549262895574371,0.2054263565891473,0.9231954071273542,0.3543368784738621,0.281646517315205,583.0,54.0,0.09262435677530018,46,98,0.9080604473725533,104,150,104,84,42,D:\Personal\satpam\data\synthetic\seed_42\human_annotations_majority.csv,False
A2_feedback_langsung,all,0.6080237782719434,0.9814814814814815,0.5185185185185185,0.6666666666666666,0.5320480575762266,0.17096774193548386,0.913181140911026,0.38324790738068987,0.2925740835845449,750.0,54.0,0.072,46,98,0.9080604473725533,104,150,104,84,42,D:\Personal\satpam\data\synthetic\seed_42\human_annotations_majority.csv,False
A3_feedback_propagasi,entity,0.6599818547634105,0.9444444444444444,0.5555555555555556,0.7037037037037037,0.5157247695819248,0.18345323741007194,0.8991458377091648,0.3740385287007077,0.2987621920088663,583.0,54.0,0.09262435677530018,42,82,0.9068564876277339,213,150,104,84,42,D:\Personal\satpam\data\synthetic\seed_42\human_annotations_majority.csv,False
A3_feedback_propagasi,all,0.6092809259525498,0.9444444444444444,0.5370370370370371,0.6296296296296297,0.46710663969870275,0.13636363636363635,0.8896072796934866,0.4303932509262328,0.33008170988667235,750.0,54.0,0.072,42,82,0.9068564876277339,213,150,104,84,42,D:\Personal\satpam\data\synthetic\seed_42\human_annotations_majority.csv,False
A3_feedback_propagasi,entity,0.6700161824940482,0.9074074074074074,0.5555555555555556,0.7037037037037037,0.5645104895104895,0.21120689655172414,0.9020513897640551,0.31237670337739826,0.25926233928408554,583.0,54.0,0.09262435677530018,43,108,0.9075765751968496,213,150,104,84,42,D:\Personal\satpam\data\synthetic\seed_42\human_annotations_majority.csv,False
A3_feedback_propagasi,all,0.6003765025644665,0.9074074074074074,0.5,0.6296296296296297,0.5445519185189931,0.17437722419928825,0.8895540655598126,0.345752086361647,0.27157561782615064,750.0,54.0,0.072,43,108,0.9075765751968496,213,150,104,84,42,D:\Personal\satpam\data\synthetic\seed_42\human_annotations_majority.csv,False
A3_feedback_propagasi,entity,0.6383564428646242,0.9259259259259259,0.5555555555555556,0.6481481481481481,0.5550014917103525,0.205761316872428,0.8892389554015263,0.32338455279587763,0.26551151315579735,583.0,54.0,0.09262435677530018,44,93,0.9148549351592492,213,150,104,84,42,D:\Personal\satpam\data\synthetic\seed_42\human_annotations_majority.csv,False
A3_feedback_propagasi,all,0.5669590169819657,0.9259259259259259,0.5,0.6111111111111112,0.5379228819587061,0.17123287671232876,0.8792438271604938,0.35932531639778365,0.2779201346720258,750.0,54.0,0.072,44,93,0.9148549351592492,213,150,104,84,42,D:\Personal\satpam\data\synthetic\seed_42\human_annotations_majority.csv,False
A3_feedback_propagasi,entity,0.663397301503774,0.8703703703703703,0.5370370370370371,0.7222222222222222,0.5603318250377074,0.20614035087719298,0.903836728978506,0.31800646362757334,0.25579879646347026,583.0,54.0,0.09262435677530018,45,66,0.9057751611444776,213,150,104,84,42,D:\Personal\satpam\data\synthetic\seed_42\human_annotations_majority.csv,False
A3_feedback_propagasi,all,0.6063172555536208,0.8703703703703703,0.5,0.6481481481481481,0.5387418266595645,0.16845878136200718,0.8948754789272031,0.35336512890267957,0.26866142887182654,750.0,54.0,0.072,45,66,0.9057751611444776,213,150,104,84,42,D:\Personal\satpam\data\synthetic\seed_42\human_annotations_majority.csv,False
A3_feedback_propagasi,entity,0.6329640278970716,0.9629629629629629,0.5185185185185185,0.6666666666666666,0.5398510796723752,0.1984732824427481,0.8992158510116922,0.3607371354427794,0.2882506397955702,583.0,54.0,0.09262435677530018,46,81,0.9053445365984176,213,150,104,84,42,D:\Personal\satpam\data\synthetic\seed_42\human_annotations_majority.csv,False
A3_feedback_propagasi,all,0.5291836068203807,0.9629629629629629,0.46296296296296297,0.5925925925925926,0.5228414254962928,0.16455696202531644,0.8914963814389101,0.3903917186190763,0.29998888681225816,750.0,54.0,0.072,46,81,0.9053445365984176,213,150,104,84,42,D:\Personal\satpam\data\synthetic\seed_42\human_annotations_majority.csv,False
