condition,scope,auprc,recall,recall_at_50,recall_at_100,macro_f1,precision,roc_auc,ece,brier,n,n_pos,pos_rate,repeat_seed,best_epoch,val_auprc_weak,n_supervised,seed,annotation_source,annotation_manifest,is_fixture
A1_tanpa_feedback,entity,0.6782094906540411,0.9074074074074074,0.5555555555555556,0.7037037037037037,0.5354722011381616,0.19215686274509805,0.9046768886088357,0.3464528943496014,0.3074151968413174,583.0,54.0,0.09262435677530018,42,184,0.9230658400449678,0,42,data\synthetic\seed_42\human_annotations_majority_annotation.csv,data\synthetic\seed_42\annotation\sample_manifest.json,False
A1_tanpa_feedback,all,0.6011184082060336,0.9074074074074074,0.5,0.6111111111111112,0.5138942233830082,0.15605095541401273,0.8920285227756493,0.3791566362025326,0.31962111194651094,750.0,54.0,0.072,42,184,0.9230658400449678,0,42,data\synthetic\seed_42\human_annotations_majority_annotation.csv,data\synthetic\seed_42\annotation\sample_manifest.json,False
A1_tanpa_feedback,entity,0.6472734325827856,0.8703703703703703,0.5185185185185185,0.6851851851851852,0.5603318250377074,0.20614035087719298,0.8924595673177904,0.28477434404849133,0.2440171396675442,583.0,54.0,0.09262435677530018,43,109,0.9223350097350735,0,42,data\synthetic\seed_42\human_annotations_majority_annotation.csv,data\synthetic\seed_42\annotation\sample_manifest.json,False
A1_tanpa_feedback,all,0.5959408848443636,0.8703703703703703,0.5185185185185185,0.5925925925925926,0.5378026109016958,0.16785714285714284,0.8839399744572158,0.31952325135581056,0.25362674915880645,750.0,54.0,0.072,43,109,0.9223350097350735,0,42,data\synthetic\seed_42\human_annotations_majority_annotation.csv,data\synthetic\seed_42\annotation\sample_manifest.json,False
A1_tanpa_feedback,entity,0.6318337853475078,0.9074074074074074,0.5185185185185185,0.6481481481481481,0.5280584932758845,0.18773946360153257,0.8844780508296577,0.3548024475286745,0.3144410375572598,583.0,54.0,0.09262435677530018,44,107,0.9212453041681161,0,42,data\synthetic\seed_42\human_annotations_majority_annotation.csv,data\synthetic\seed_42\annotation\sample_manifest.json,False
A1_tanpa_feedback,all,0.5733741180113244,0.9074074074074074,0.48148148148148145,0.5925925925925926,0.5138942233830082,0.15605095541401273,0.874946785866326,0.3904874087467631,0.3235212076390055,750.0,54.0,0.072,44,107,0.9212453041681161,0,42,data\synthetic\seed_42\human_annotations_majority_annotation.csv,data\synthetic\seed_42\annotation\sample_manifest.json,False
A1_tanpa_feedback,entity,0.6532287665615769,0.8703703703703703,0.5185185185185185,0.6851851851851852,0.5340262879126847,0.18875502008032127,0.8955051459777358,0.3237196503726484,0.28654977118824193,583.0,54.0,0.09262435677530018,45,103,0.9250879032716108,0,42,data\synthetic\seed_42\human_annotations_majority_annotation.csv,data\synthetic\seed_42\annotation\sample_manifest.json,False
A1_tanpa_feedback,all,0.5818265488247634,0.8703703703703703,0.48148148148148145,0.6111111111111112,0.516604542079299,0.1551155115511551,0.8884897828863345,0.3376012522825521,0.28802765506801387,750.0,54.0,0.072,45,103,0.9250879032716108,0,42,data\synthetic\seed_42\human_annotations_majority_annotation.csv,data\synthetic\seed_42\annotation\sample_manifest.json,False
A1_tanpa_feedback,entity,0.6505127381618551,0.9259259259259259,0.5555555555555556,0.6666666666666666,0.5324081845820976,0.19157088122605365,0.8948400196037247,0.3470110189430453,0.301451556014297,583.0,54.0,0.09262435677530018,46,110,0.9190879532074424,0,42,data\synthetic\seed_42\human_annotations_majority_annotation.csv,data\synthetic\seed_42\annotation\sample_manifest.json,False
A1_tanpa_feedback,all,0.5434874409206139,0.9259259259259259,0.48148148148148145,0.6111111111111112,0.5193280712406395,0.16025641025641027,0.8802681992337165,0.38146736894737476,0.31008639105548247,750.0,54.0,0.072,46,110,0.9190879532074424,0,42,data\synthetic\seed_42\human_annotations_majority_annotation.csv,data\synthetic\seed_42\annotation\sample_manifest.json,False
A1_tanpa_feedback,entity,0.6586288746587141,0.8703703703703703,0.5740740740740741,0.6666666666666666,0.5680426640612278,0.21171171171171171,0.8945949730448786,0.2895514310930941,0.24631306052477472,583.0,54.0,0.09262435677530018,47,97,0.9127851773619342,0,42,data\synthetic\seed_42\human_annotations_majority_annotation.csv,data\synthetic\seed_42\annotation\sample_manifest.json,False
A1_tanpa_feedback,all,0.5752346485637974,0.8703703703703703,0.48148148148148145,0.6296296296296297,0.5211533892936332,0.15771812080536912,0.8706364410387398,0.3606622775547733,0.2859743444433479,750.0,54.0,0.072,47,97,0.9127851773619342,0,42,data\synthetic\seed_42\human_annotations_majority_annotation.csv,data\synthetic\seed_42\annotation\sample_manifest.json,False
A1_tanpa_feedback,entity,0.6373953786073041,0.8888888888888888,0.5370370370370371,0.6296296296296297,0.5188291332491959,0.1811320754716981,0.8728208359588322,0.35407433498669055,0.3187375315973252,583.0,54.0,0.09262435677530018,48,107,0.9178935597925463,0,42,data\synthetic\seed_42\human_annotations_majority_annotation.csv,data\synthetic\seed_42\annotation\sample_manifest.json,False
A1_tanpa_feedback,all,0.6076914728487863,0.8888888888888888,0.5185185185185185,0.5925925925925926,0.504,0.14953271028037382,0.866751809280545,0.38079070641268586,0.3210636502024252,750.0,54.0,0.072,48,107,0.9178935597925463,0,42,data\synthetic\seed_42\human_annotations_majority_annotation.csv,data\synthetic\seed_42\annotation\sample_manifest.json,False
A1_tanpa_feedback,entity,0.6519839359548336,0.8518518518518519,0.5185185185185185,0.7222222222222222,0.5569214065987093,0.2026431718061674,0.8964503255618568,0.29630318395859134,0.2628493684016809,583.0,54.0,0.09262435677530018,49,145,0.9244963592181443,0,42,data\synthetic\seed_42\human_annotations_majority_annotation.csv,data\synthetic\seed_42\annotation\sample_manifest.json,False
A1_tanpa_feedback,all,0.5661001519971393,0.8518518518518519,0.48148148148148145,0.6296296296296297,0.531167475907749,0.1625441696113074,0.8877713920817369,0.3196869320621233,0.27160898115768783,750.0,54.0,0.072,49,145,0.9244963592181443,0,42,data\synthetic\seed_42\human_annotations_majority_annotation.csv,data\synthetic\seed_42\annotation\sample_manifest.json,False
A1_tanpa_feedback,entity,0.6221193188310784,0.9074074074074074,0.5555555555555556,0.6481481481481481,0.5593764761454889,0.2076271186440678,0.8846880907372401,0.30969256126217165,0.2687365030034929,583.0,54.0,0.09262435677530018,50,107,0.917456255497489,0,42,data\synthetic\seed_42\human_annotations_majority_annotation.csv,data\synthetic\seed_42\annotation\sample_manifest.json,False
A1_tanpa_feedback,all,0.5398521405242744,0.9074074074074074,0.46296296296296297,0.5925925925925926,0.4728694584567753,0.1361111111111111,0.8662994891443168,0.3852533447295113,0.3129679729305064,750.0,54.0,0.072,50,107,0.917456255497489,0,42,data\synthetic\seed_42\human_annotations_majority_annotation.csv,data\synthetic\seed_42\annotation\sample_manifest.json,False
A1_tanpa_feedback,entity,0.6313160706724631,0.8703703703703703,0.5555555555555556,0.6296296296296297,0.5565127347312664,0.20346320346320346,0.8887488622838339,0.29831313178794727,0.26233915537227726,583.0,54.0,0.09262435677530018,51,89,0.9148286037679662,0,42,data\synthetic\seed_42\human_annotations_majority_annotation.csv,data\synthetic\seed_42\annotation\sample_manifest.json,False
A1_tanpa_feedback,all,0.5693582414181168,0.8703703703703703,0.5185185185185185,0.5740740740740741,0.5331305786131881,0.1649122807017544,0.8700510855683269,0.34604200020836084,0.28168723806011475,750.0,54.0,0.072,51,89,0.9148286037679662,0,42,data\synthetic\seed_42\human_annotations_majority_annotation.csv,data\synthetic\seed_42\annotation\sample_manifest.json,False
A1_tanpa_feedback,entity,0.6385691388707566,0.8703703703703703,0.5370370370370371,0.6481481481481481,0.5501968193985198,0.19915254237288135,0.8880837359098228,0.2973617353576727,0.26637123461347845,583.0,54.0,0.09262435677530018,52,125,0.9137550556958962,0,42,data\synthetic\seed_42\human_annotations_majority_annotation.csv,data\synthetic\seed_42\annotation\sample_manifest.json,False
A1_tanpa_feedback,all,0.5787012929030636,0.8703703703703703,0.48148148148148145,0.5925925925925926,0.5312725349742801,0.16376306620209058,0.8820774797786293,0.3148380688361437,0.26953015949159054,750.0,54.0,0.072,52,125,0.9137550556958962,0,42,data\synthetic\seed_42\human_annotations_majority_annotation.csv,data\synthetic\seed_42\annotation\sample_manifest.json,False
A1_tanpa_feedback,entity,0.6294747566727099,0.8888888888888888,0.5185185185185185,0.6666666666666666,0.5688863027481785,0.21333333333333335,0.8873135895820206,0.2915553055387419,0.25653294630203277,583.0,54.0,0.09262435677530018,53,129,0.9181467127168406,0,42,data\synthetic\seed_42\human_annotations_majority_annotation.csv,data\synthetic\seed_42\annotation\sample_manifest.json,False
A1_tanpa_feedback,all,0.4582408112852348,0.8888888888888888,0.46296296296296297,0.5740740740740741,0.5397643593519882,0.1702127659574468,0.8593151340996168,0.34082749933625867,0.28209218923198776,750.0,54.0,0.072,53,129,0.9181467127168406,0,42,data\synthetic\seed_42\human_annotations_majority_annotation.csv,data\synthetic\seed_42\annotation\sample_manifest.json,False
A1_tanpa_feedback,entity,0.6119238587588895,0.8888888888888888,0.5,0.6296296296296297,0.5323010323010323,0.1889763779527559,0.883077784779108,0.33269571832415357,0.29106184531866386,583.0,54.0,0.09262435677530018,54,97,0.9193287045747746,0,42,data\synthetic\seed_42\human_annotations_majority_annotation.csv,data\synthetic\seed_42\annotation\sample_manifest.json,False
A1_tanpa_feedback,all,0.5232446775897396,0.8888888888888888,0.48148148148148145,0.5925925925925926,0.5139103853892586,0.15483870967741936,0.8639048531289911,0.39333708464093986,0.320247095751091,750.0,54.0,0.072,54,97,0.9193287045747746,0,42,data\synthetic\seed_42\human_annotations_majority_annotation.csv,data\synthetic\seed_42\annotation\sample_manifest.json,False
A1_tanpa_feedback,entity,0.6308286112532308,0.8518518518518519,0.5185185185185185,0.6666666666666666,0.5332409545804464,0.18699186991869918,0.8816775187285584,0.32491963600164664,0.3036729087883472,583.0,54.0,0.09262435677530018,55,197,0.926759255211874,0,42,data\synthetic\seed_42\human_annotations_majority_annotation.csv,data\synthetic\seed_42\annotation\sample_manifest.json,False
A1_tanpa_feedback,all,0.5821585653286473,0.8518518518518519,0.5,0.5925925925925926,0.5174414000633513,0.15436241610738255,0.8717007237122181,0.34463257948078285,0.30014081981853435,750.0,54.0,0.072,55,197,0.926759255211874,0,42,data\synthetic\seed_42\human_annotations_majority_annotation.csv,data\synthetic\seed_42\annotation\sample_manifest.json,False
A1_tanpa_feedback,entity,0.6310524403915632,0.9074074074074074,0.5370370370370371,0.6481481481481481,0.5479626436449063,0.2,0.885773296926416,0.32067799468493674,0.27514245193563025,583.0,54.0,0.09262435677530018,56,78,0.9116621708760168,0,42,data\synthetic\seed_42\human_annotations_majority_annotation.csv,data\synthetic\seed_42\annotation\sample_manifest.json,False
A1_tanpa_feedback,all,0.5798288832287207,0.9074074074074074,0.5,0.6111111111111112,0.5304347826086957,0.16554054054054054,0.8763303533418476,0.36601483156283127,0.29016221325778446,750.0,54.0,0.072,56,78,0.9116621708760168,0,42,data\synthetic\seed_42\human_annotations_majority_annotation.csv,data\synthetic\seed_42\annotation\sample_manifest.json,False
A1_tanpa_feedback,entity,0.6274381975293183,0.8333333333333334,0.5,0.6666666666666666,0.5447352669528646,0.19313304721030042,0.8804522859343276,0.29425925379765094,0.2675379873288573,583.0,54.0,0.09262435677530018,57,164,0.9219132470176141,0,42,data\synthetic\seed_42\human_annotations_majority_annotation.csv,data\synthetic\seed_42\annotation\sample_manifest.json,False
A1_tanpa_feedback,all,0.559163304338493,0.8333333333333334,0.46296296296296297,0.5370370370370371,0.5255082207129954,0.15789473684210525,0.8632396764580673,0.32979325736734455,0.2778420075698777,750.0,54.0,0.072,57,164,0.9219132470176141,0,42,data\synthetic\seed_42\human_annotations_majority_annotation.csv,data\synthetic\seed_42\annotation\sample_manifest.json,False
A1_tanpa_feedback,entity,0.6139718510051667,0.8888888888888888,0.5185185185185185,0.6296296296296297,0.5397274343880304,0.1935483870967742,0.8825176783588882,0.3244241426923489,0.2877594303401378,583.0,54.0,0.09262435677530018,58,150,0.9215857790888379,0,42,data\synthetic\seed_42\human_annotations_majority_annotation.csv,data\synthetic\seed_42\annotation\sample_manifest.json,False
A1_tanpa_feedback,all,0.5277140906671866,0.8888888888888888,0.46296296296296297,0.6111111111111112,0.5304094328848639,0.1643835616438356,0.8781928480204342,0.3389832469028251,0.28310810845682854,750.0,54.0,0.072,58,150,0.9215857790888379,0,42,data\synthetic\seed_42\human_annotations_majority_annotation.csv,data\synthetic\seed_42\annotation\sample_manifest.json,False
A1_tanpa_feedback,entity,0.6149156330785127,0.8518518518518519,0.5370370370370371,0.6111111111111112,0.5493572439381147,0.19742489270386265,0.8812224322621298,0.29605822811369475,0.2686291333131209,583.0,54.0,0.09262435677530018,59,102,0.9213543022924238,0,42,data\synthetic\seed_42\human_annotations_majority_annotation.csv,data\synthetic\seed_42\annotation\sample_manifest.json,False
A1_tanpa_feedback,all,0.5693023912121365,0.8518518518518519,0.48148148148148145,0.5740740740740741,0.5210727969348659,0.1564625850340136,0.8662462750106428,0.3310079564542806,0.2828902517232112,750.0,54.0,0.072,59,102,0.9213543022924238,0,42,data\synthetic\seed_42\human_annotations_majority_annotation.csv,data\synthetic\seed_42\annotation\sample_manifest.json,False
A1_tanpa_feedback,entity,0.618962672073733,0.8888888888888888,0.5185185185185185,0.6481481481481481,0.5447143784987474,0.19672131147540983,0.8886438423300427,0.3210453879180736,0.28438271407869514,583.0,54.0,0.09262435677530018,60,141,0.9207738228153319,0,42,data\synthetic\seed_42\human_annotations_majority_annotation.csv,data\synthetic\seed_42\annotation\sample_manifest.json,False
A1_tanpa_feedback,all,0.5247402302856652,0.8888888888888888,0.4444444444444444,0.5370370370370371,0.5139103853892586,0.15483870967741936,0.8724457215836526,0.3678836571487225,0.30497256201770895,750.0,54.0,0.072,60,141,0.9207738228153319,0,42,data\synthetic\seed_42\human_annotations_majority_annotation.csv,data\synthetic\seed_42\annotation\sample_manifest.json,False
A1_tanpa_feedback,entity,0.6778991839782414,0.8703703703703703,0.5740740740740741,0.7222222222222222,0.5096863993771323,0.17472118959107807,0.8986207379402087,0.3597182323102206,0.3104326217550143,583.0,54.0,0.09262435677530018,61,106,0.9227769243611837,0,42,data\synthetic\seed_42\human_annotations_majority_annotation.csv,data\synthetic\seed_42\annotation\sample_manifest.json,False
A1_tanpa_feedback,all,0.6049553529604849,0.8703703703703703,0.5370370370370371,0.7037037037037037,0.44013615888615887,0.12051282051282051,0.8796828437633035,0.41764201413967095,0.3373152824362607,750.0,54.0,0.072,61,106,0.9227769243611837,0,42,data\synthetic\seed_42\human_annotations_majority_annotation.csv,data\synthetic\seed_42\annotation\sample_manifest.json,False
A2_feedback_langsung,entity,0.7126152343686628,0.9444444444444444,0.5925925925925926,0.7777777777777778,0.5280533396131994,0.19029850746268656,0.9165091367359798,0.3614407770854283,0.30726507636714284,583.0,54.0,0.09262435677530018,42,152,0.9099032610088879,104,42,data\synthetic\seed_42\human_annotations_majority_annotation.csv,data\synthetic\seed_42\annotation\sample_manifest.json,False
A2_feedback_langsung,all,0.6366196878563625,0.9444444444444444,0.5185185185185185,0.6481481481481481,0.504655770643994,0.1536144578313253,0.90764687100894,0.4067416854278053,0.3293385515145597,750.0,54.0,0.072,42,152,0.9099032610088879,104,42,data\synthetic\seed_42\human_annotations_majority_annotation.csv,data\synthetic\seed_42\annotation\sample_manifest.json,False
A2_feedback_langsung,entity,0.6678250789408288,0.9259259259259259,0.5370370370370371,0.7037037037037037,0.5151775954795859,0.18181818181818182,0.8952951060701533,0.38092601616068356,0.3221674071595362,583.0,54.0,0.09262435677530018,43,92,0.911391204897716,104,42,data\synthetic\seed_42\human_annotations_majority_annotation.csv,data\synthetic\seed_42\annotation\sample_manifest.json,False
A2_feedback_langsung,all,0.6012710504630941,0.9259259259259259,0.5,0.6111111111111112,0.5002681487982058,0.15015015015015015,0.8870796083439761,0.40942156858125234,0.3283223845147542,750.0,54.0,0.072,43,92,0.911391204897716,104,42,data\synthetic\seed_42\human_annotations_majority_annotation.csv,data\synthetic\seed_42\annotation\sample_manifest.json,False
A2_feedback_langsung,entity,0.6362255464955482,0.9444444444444444,0.5185185185185185,0.6296296296296297,0.5505937843448528,0.204,0.8942799131835049,0.34446711645149214,0.2789731142534638,583.0,54.0,0.09262435677530018,44,80,0.9118070333620314,104,42,data\synthetic\seed_42\human_annotations_majority_annotation.csv,data\synthetic\seed_42\annotation\sample_manifest.json,False
A2_feedback_langsung,all,0.5535545422598975,0.9444444444444444,0.48148148148148145,0.5925925925925926,0.5331816224860078,0.16943521594684385,0.88276926351639,0.38751763541404705,0.2976726649185163,750.0,54.0,0.072,44,80,0.9118070333620314,104,42,data\synthetic\seed_42\human_annotations_majority_annotation.csv,data\synthetic\seed_42\annotation\sample_manifest.json,False
A2_feedback_langsung,entity,0.6442967138031804,0.9074074074074074,0.5,0.6481481481481481,0.5206953123559881,0.18352059925093633,0.8920744941538893,0.36900320739488723,0.3081627767850333,583.0,54.0,0.09262435677530018,45,90,0.9166665044960279,104,42,data\synthetic\seed_42\human_annotations_majority_annotation.csv,data\synthetic\seed_42\annotation\sample_manifest.json,False
A2_feedback_langsung,all,0.5915334722372574,0.9074074074074074,0.5,0.5925925925925926,0.5084583163153845,0.153125,0.8874787143465305,0.3867583939501783,0.3076926940458832,750.0,54.0,0.072,45,90,0.9166665044960279,104,42,data\synthetic\seed_42\human_annotations_majority_annotation.csv,data\synthetic\seed_42\annotation\sample_manifest.json,False
A2_feedback_langsung,entity,0.6993977903704982,0.9814814814814815,0.5555555555555556,0.7407407407407407,0.549262895574371,0.2054263565891473,0.9231954071273542,0.3543368784738621,0.281646517315205,583.0,54.0,0.09262435677530018,46,98,0.9080604473725533,104,42,data\synthetic\seed_42\human_annotations_majority_annotation.csv,data\synthetic\seed_42\annotation\sample_manifest.json,False
A2_feedback_langsung,all,0.6080237782719434,0.9814814814814815,0.5185185185185185,0.6666666666666666,0.5320480575762266,0.17096774193548386,0.913181140911026,0.38324790738068987,0.2925740835845449,750.0,54.0,0.072,46,98,0.9080604473725533,104,42,data\synthetic\seed_42\human_annotations_majority_annotation.csv,data\synthetic\seed_42\annotation\sample_manifest.json,False
A2_feedback_langsung,entity,0.6399268470563994,0.9444444444444444,0.5370370370370371,0.6666666666666666,0.5405107187894073,0.19767441860465115,0.9007911503185605,0.3548531100717729,0.293733780017515,583.0,54.0,0.09262435677530018,47,124,0.9109785223901324,104,42,data\synthetic\seed_42\human_annotations_majority_annotation.csv,data\synthetic\seed_42\annotation\sample_manifest.json,False
A2_feedback_langsung,all,0.5360230808787183,0.9444444444444444,0.46296296296296297,0.5555555555555556,0.4983346780032686,0.1504424778761062,0.8896338867603236,0.40693535342824183,0.32133048129355796,750.0,54.0,0.072,47,124,0.9109785223901324,104,42,data\synthetic\seed_42\human_annotations_majority_annotation.csv,data\synthetic\seed_42\annotation\sample_manifest.json,False
A2_feedback_langsung,entity,0.6476771440383448,0.9259259259259259,0.5185185185185185,0.7222222222222222,0.5225330439349367,0.18587360594795538,0.8876286494433943,0.3750920166403969,0.3247900520424531,583.0,54.0,0.09262435677530018,48,119,0.9093489278153615,104,42,data\synthetic\seed_42\human_annotations_majority_annotation.csv,data\synthetic\seed_42\annotation\sample_manifest.json,False
A2_feedback_langsung,all,0.5842031292393394,0.9259259259259259,0.5,0.5925925925925926,0.5020674392871702,0.1510574018126888,0.8790974882928906,0.39945890046310767,0.33223423049609946,750.0,54.0,0.072,48,119,0.9093489278153615,104,42,data\synthetic\seed_42\human_annotations_majority_annotation.csv,data\synthetic\seed_42\annotation\sample_manifest.json,False
A2_feedback_langsung,entity,0.6330708783045313,0.9444444444444444,0.5370370370370371,0.6481481481481481,0.5194118522876244,0.18545454545454546,0.8895540152629,0.37529628439705565,0.309962708830277,583.0,54.0,0.09262435677530018,49,79,0.9167093172456527,104,42,data\synthetic\seed_42\human_annotations_majority_annotation.csv,data\synthetic\seed_42\annotation\sample_manifest.json,False
A2_feedback_langsung,all,0.5563884235283898,0.9444444444444444,0.48148148148148145,0.5925925925925926,0.5055617028711199,0.1540785498489426,0.8834344401873138,0.4020835765267645,0.3187442093986701,750.0,54.0,0.072,49,79,0.9167093172456527,104,42,data\synthetic\seed_42\human_annotations_majority_annotation.csv,data\synthetic\seed_42\annotation\sample_manifest.json,False
A2_feedback_langsung,entity,0.6366875449072054,0.9259259259259259,0.5185185185185185,0.6666666666666666,0.5311690245718541,0.19083969465648856,0.8774417139256458,0.3578982327480454,0.31161253818142015,583.0,54.0,0.09262435677530018,50,161,0.9153007059923961,104,42,data\synthetic\seed_42\human_annotations_majority_annotation.csv,data\synthetic\seed_42\annotation\sample_manifest.json,False
A2_feedback_langsung,all,0.550477716397382,0.9259259259259259,0.48148148148148145,0.6111111111111112,0.4922046552481335,0.14619883040935672,0.8632928905917412,0.41268069424892995,0.33809159576947223,750.0,54.0,0.072,50,161,0.9153007059923961,104,42,data\synthetic\seed_42\human_annotations_majority_annotation.csv,data\synthetic\seed_42\annotation\sample_manifest.json,False
A2_feedback_langsung,entity,0.6334417447502406,0.9074074074074074,0.5185185185185185,0.6296296296296297,0.5133751043363841,0.1794871794871795,0.8840579710144928,0.37833186411438713,0.32339712617352034,583.0,54.0,0.09262435677530018,51,96,0.9072147138864451,104,42,data\synthetic\seed_42\human_annotations_majority_annotation.csv,data\synthetic\seed_42\annotation\sample_manifest.json,False
A2_feedback_langsung,all,0.5706021400147485,0.9074074074074074,0.48148148148148145,0.5925925925925926,0.4976790913572897,0.14759036144578314,0.878272669220945,0.41429803995220094,0.33484058763693403,750.0,54.0,0.072,51,96,0.9072147138864451,104,42,data\synthetic\seed_42\human_annotations_majority_annotation.csv,data\synthetic\seed_42\annotation\sample_manifest.json,False
A2_feedback_langsung,entity,0.6395197132350297,0.9259259259259259,0.5370370370370371,0.6481481481481481,0.5486647657591366,0.20161290322580644,0.891444374431142,0.33266587646502094,0.2814147784792482,583.0,54.0,0.09262435677530018,52,114,0.9066415459489382,104,42,data\synthetic\seed_42\human_annotations_majority_annotation.csv,data\synthetic\seed_42\annotation\sample_manifest.json,False
A2_feedback_langsung,all,0.5544516941080587,0.9259259259259259,0.48148148148148145,0.6111111111111112,0.5257788335013757,0.16393442622950818,0.8792571306939123,0.3680532742667177,0.2970156949572163,750.0,54.0,0.072,52,114,0.9066415459489382,104,42,data\synthetic\seed_42\human_annotations_majority_annotation.csv,data\synthetic\seed_42\annotation\sample_manifest.json,False
A2_feedback_langsung,entity,0.671629173000373,0.9444444444444444,0.5555555555555556,0.6851851851851852,0.5231083844580777,0.1875,0.9000210039907582,0.37939579155328834,0.3198049854975436,583.0,54.0,0.09262435677530018,53,140,0.9075461483674675,104,42,data\synthetic\seed_42\human_annotations_majority_annotation.csv,data\synthetic\seed_42\annotation\sample_manifest.json,False
A2_feedback_langsung,all,0.5675728463307257,0.9444444444444444,0.48148148148148145,0.6296296296296297,0.49114928783591516,0.14697406340057637,0.8850175606641124,0.4300172644197009,0.34538058216569745,750.0,54.0,0.072,53,140,0.9075461483674675,104,42,data\synthetic\seed_42\human_annotations_majority_annotation.csv,data\synthetic\seed_42\annotation\sample_manifest.json,False
A2_feedback_langsung,entity,0.658516337109532,0.9814814814814815,0.5740740740740741,0.7037037037037037,0.5216634039613082,0.18928571428571428,0.9058671147518028,0.38405039835561805,0.3123857494240264,583.0,54.0,0.09262435677530018,54,79,0.9096173913026246,104,42,data\synthetic\seed_42\human_annotations_majority_annotation.csv,data\synthetic\seed_42\annotation\sample_manifest.json,False
A2_feedback_langsung,all,0.5579823201683379,0.9814814814814815,0.5185185185185185,0.6296296296296297,0.42978168784620396,0.12529550827423167,0.8962058322690507,0.44448825232674904,0.3481351751432425,750.0,54.0,0.072,54,79,0.9096173913026246,104,42,data\synthetic\seed_42\human_annotations_majority_annotation.csv,data\synthetic\seed_42\annotation\sample_manifest.json,False
A2_feedback_langsung,entity,0.6523360453385886,0.9259259259259259,0.5370370370370371,0.6851851851851852,0.552460527787743,0.20408163265306123,0.9071973674998249,0.33678714429515116,0.2922843697249944,583.0,54.0,0.09262435677530018,55,194,0.9216154979276738,104,42,data\synthetic\seed_42\human_annotations_majority_annotation.csv,data\synthetic\seed_42\annotation\sample_manifest.json,False
A2_feedback_langsung,all,0.6054681659284845,0.9259259259259259,0.5,0.6481481481481481,0.5369803369733386,0.17064846416382254,0.9054650915283099,0.3500252161481445,0.28851551164405587,750.0,54.0,0.072,55,194,0.9216154979276738,104,42,data\synthetic\seed_42\human_annotations_majority_annotation.csv,data\synthetic\seed_42\annotation\sample_manifest.json,False
A2_feedback_langsung,entity,0.615670268186535,0.9074074074074074,0.5185185185185185,0.6296296296296297,0.5379560355386348,0.19367588932806323,0.8854582370650423,0.34770495197907453,0.2904713674895565,583.0,54.0,0.09262435677530018,56,74,0.9059878490506965,104,42,data\synthetic\seed_42\human_annotations_majority_annotation.csv,data\synthetic\seed_42\annotation\sample_manifest.json,False
A2_feedback_langsung,all,0.5509262508351932,0.9074074074074074,0.4444444444444444,0.5925925925925926,0.5193661458990766,0.1590909090909091,0.8754257130693912,0.3945660628479284,0.310082399069905,750.0,54.0,0.072,56,74,0.9059878490506965,104,42,data\synthetic\seed_42\human_annotations_majority_annotation.csv,data\synthetic\seed_42\annotation\sample_manifest.json,False
A2_feedback_langsung,entity,0.6198528755458713,0.9259259259259259,0.5370370370370371,0.6111111111111112,0.5398753082363781,0.19607843137254902,0.8918644542463068,0.34794393048222744,0.2856010412793136,583.0,54.0,0.09262435677530018,57,79,0.9037870930622253,104,42,data\synthetic\seed_42\human_annotations_majority_annotation.csv,data\synthetic\seed_42\annotation\sample_manifest.json,False
A2_feedback_langsung,all,0.573185507708772,0.9259259259259259,0.48148148148148145,0.5740740740740741,0.5174950069135044,0.1592356687898089,0.8840996168582376,0.3914500052876926,0.303970048614336,750.0,54.0,0.072,57,79,0.9037870930622253,104,42,data\synthetic\seed_42\human_annotations_majority_annotation.csv,data\synthetic\seed_42\annotation\sample_manifest.json,False
A2_feedback_langsung,entity,0.6218294794092256,0.9629629629629629,0.5185185185185185,0.6296296296296297,0.5436253928064452,0.20077220077220076,0.8914443744311419,0.35986498587493454,0.30958633635316163,583.0,54.0,0.09262435677530018,58,169,0.9142721089284794,104,42,data\synthetic\seed_42\human_annotations_majority_annotation.csv,data\synthetic\seed_42\annotation\sample_manifest.json,False
A2_feedback_langsung,all,0.5510045251117232,0.9629629629629629,0.4444444444444444,0.5555555555555556,0.5246965739744969,0.16560509554140126,0.8868135376756066,0.3814586142508827,0.3120034897927081,750.0,54.0,0.072,58,169,0.9142721089284794,104,42,data\synthetic\seed_42\human_annotations_majority_annotation.csv,data\synthetic\seed_42\annotation\sample_manifest.json,False
A2_feedback_langsung,entity,0.6489327912160794,0.9259259259259259,0.5370370370370371,0.6851851851851852,0.5262263593380614,0.18796992481203006,0.8919344675488343,0.3673166906745594,0.31107584847421055,583.0,54.0,0.09262435677530018,59,89,0.9086848599969577,104,42,data\synthetic\seed_42\human_annotations_majority_annotation.csv,data\synthetic\seed_42\annotation\sample_manifest.json,False
A2_feedback_langsung,all,0.5972846756749012,0.9259259259259259,0.5,0.5925925925925926,0.5056750613948056,0.1529051987767584,0.8806939123031077,0.4054992909704742,0.32706029303119005,750.0,54.0,0.072,59,89,0.9086848599969577,104,42,data\synthetic\seed_42\human_annotations_majority_annotation.csv,data\synthetic\seed_42\annotation\sample_manifest.json,False
A2_feedback_langsung,entity,0.6035004501937702,0.9074074074074074,0.48148148148148145,0.6111111111111112,0.52437106918239,0.1856060606060606,0.8797346495834208,0.3682203379810972,0.3135636839384234,583.0,54.0,0.09262435677530018,60,114,0.9113223773005635,104,42,data\synthetic\seed_42\human_annotations_majority_annotation.csv,data\synthetic\seed_42\annotation\sample_manifest.json,False
A2_feedback_langsung,all,0.5382677659184039,0.9074074074074074,0.46296296296296297,0.5555555555555556,0.5075555555555555,0.1526479750778816,0.871141975308642,0.4031953184851639,0.3255923054285024,750.0,54.0,0.072,60,114,0.9113223773005635,104,42,data\synthetic\seed_42\human_annotations_majority_annotation.csv,data\synthetic\seed_42\annotation\sample_manifest.json,False
A2_feedback_langsung,entity,0.6608263067211173,0.9074074074074074,0.5555555555555556,0.6851851851851852,0.530523729442037,0.1891891891891892,0.8975355317510326,0.35374283222424696,0.2882050159919785,583.0,54.0,0.09262435677530018,61,83,0.9109287104261653,104,42,data\synthetic\seed_42\human_annotations_majority_annotation.csv,data\synthetic\seed_42\annotation\sample_manifest.json,False
A2_feedback_langsung,all,0.596322546848652,0.9074074074074074,0.5185185185185185,0.6111111111111112,0.4447800818577105,0.125,0.881625159642401,0.41634829276221963,0.32339832086649206,750.0,54.0,0.072,61,83,0.9109287104261653,104,42,data\synthetic\seed_42\human_annotations_majority_annotation.csv,data\synthetic\seed_42\annotation\sample_manifest.json,False
A3_feedback_propagasi,entity,0.6557743520524658,0.9444444444444444,0.5925925925925926,0.6851851851851852,0.5034917390563788,0.17708333333333334,0.8918644542463068,0.39058747190724413,0.31175955061163374,583.0,54.0,0.09262435677530018,42,82,0.9009035624714339,323,42,data\synthetic\seed_42\human_annotations_majority_annotation.csv,data\synthetic\seed_42\annotation\sample_manifest.json,False
A3_feedback_propagasi,all,0.6161325448165691,0.9444444444444444,0.5185185185185185,0.6481481481481481,0.46090335114133074,0.13385826771653545,0.8863346104725416,0.441341202206347,0.3364872264280261,750.0,54.0,0.072,42,82,0.9009035624714339,323,42,data\synthetic\seed_42\human_annotations_majority_annotation.csv,data\synthetic\seed_42\annotation\sample_manifest.json,False
A3_feedback_propagasi,entity,0.6501639126476082,0.8888888888888888,0.5185185185185185,0.6481481481481481,0.5347697218422253,0.19047619047619047,0.8921795141076805,0.35403763124057736,0.2982154749079232,583.0,54.0,0.09262435677530018,43,103,0.9107972196986858,323,42,data\synthetic\seed_42\human_annotations_majority_annotation.csv,data\synthetic\seed_42\annotation\sample_manifest.json,False
A3_feedback_propagasi,all,0.5950563624181149,0.8888888888888888,0.5,0.5925925925925926,0.5221108309244111,0.15946843853820597,0.8904054916985951,0.37209585370232523,0.2974914340117081,750.0,54.0,0.072,43,103,0.9107972196986858,323,42,data\synthetic\seed_42\human_annotations_majority_annotation.csv,data\synthetic\seed_42\annotation\sample_manifest.json,False
A3_feedback_propagasi,entity,0.6089980016685539,0.9259259259259259,0.5370370370370371,0.6481481481481481,0.529931297908469,0.19011406844106463,0.8797171462577891,0.3722935479194126,0.30816153286489756,583.0,54.0,0.09262435677530018,44,98,0.9159081805899906,323,42,data\synthetic\seed_42\human_annotations_majority_annotation.csv,data\synthetic\seed_42\annotation\sample_manifest.json,False
A3_feedback_propagasi,all,0.552814785699816,0.9259259259259259,0.5,0.5925925925925926,0.5184110088477698,0.1597444089456869,0.8821306939123031,0.39518399407384763,0.30901066910815767,750.0,54.0,0.072,44,98,0.9159081805899906,323,42,data\synthetic\seed_42\human_annotations_majority_annotation.csv,data\synthetic\seed_42\annotation\sample_manifest.json,False
A3_feedback_propagasi,entity,0.6906126651053004,0.8888888888888888,0.5925925925925926,0.7407407407407407,0.5323010323010323,0.1889763779527559,0.9041867954911433,0.35106141841830607,0.28019381731213555,583.0,54.0,0.09262435677530018,45,67,0.9032397470207849,323,42,data\synthetic\seed_42\human_annotations_majority_annotation.csv,data\synthetic\seed_42\annotation\sample_manifest.json,False
A3_feedback_propagasi,all,0.6467701377727815,0.8888888888888888,0.5370370370370371,0.6481481481481481,0.5193671790155465,0.15789473684210525,0.9001436781609196,0.37544509901277096,0.2848875881267439,750.0,54.0,0.072,45,67,0.9032397470207849,323,42,data\synthetic\seed_42\human_annotations_majority_annotation.csv,data\synthetic\seed_42\annotation\sample_manifest.json,False
A3_feedback_propagasi,entity,0.6310911224430125,0.9259259259259259,0.5555555555555556,0.6666666666666666,0.5324081845820976,0.19157088122605365,0.8986207379402087,0.36164586313846026,0.28923666420756333,583.0,54.0,0.09262435677530018,46,82,0.9087573917596478,323,42,data\synthetic\seed_42\human_annotations_majority_annotation.csv,data\synthetic\seed_42\annotation\sample_manifest.json,False
A3_feedback_propagasi,all,0.5587309031529913,0.9259259259259259,0.48148148148148145,0.6111111111111112,0.5184110088477698,0.1597444089456869,0.8934520008514262,0.3901536368040058,0.2972890719989351,750.0,54.0,0.072,46,82,0.9087573917596478,323,42,data\synthetic\seed_42\human_annotations_majority_annotation.csv,data\synthetic\seed_42\annotation\sample_manifest.json,False
A3_feedback_propagasi,entity,0.6217278747905216,0.9629629629629629,0.5185185185185185,0.6481481481481481,0.5348404255319149,0.19548872180451127,0.8892039487502625,0.3700539853620796,0.3027165097352349,583.0,54.0,0.09262435677530018,47,130,0.9100950864258068,323,42,data\synthetic\seed_42\human_annotations_majority_annotation.csv,data\synthetic\seed_42\annotation\sample_manifest.json,False
A3_feedback_propagasi,all,0.5577928424868908,0.9629629629629629,0.46296296296296297,0.6111111111111112,0.5200667981378354,0.16300940438871472,0.8825297999148574,0.411555002013755,0.3195923101554207,750.0,54.0,0.072,47,130,0.9100950864258068,323,42,data\synthetic\seed_42\human_annotations_majority_annotation.csv,data\synthetic\seed_42\annotation\sample_manifest.json,False
A3_feedback_propagasi,entity,0.6640601479694475,0.9074074074074074,0.5555555555555556,0.7222222222222222,0.52437106918239,0.1856060606060606,0.9040117622348245,0.3686457701178853,0.31790687762943304,583.0,54.0,0.09262435677530018,48,174,0.9127257183243969,323,42,data\synthetic\seed_42\human_annotations_majority_annotation.csv,data\synthetic\seed_42\annotation\sample_manifest.json,False
A3_feedback_propagasi,all,0.6210105163274806,0.9074074074074074,0.5555555555555556,0.6481481481481481,0.5075555555555555,0.1526479750778816,0.9037888463175818,0.39270589366838493,0.32199700753231547,750.0,54.0,0.072,48,174,0.9127257183243969,323,42,data\synthetic\seed_42\human_annotations_majority_annotation.csv,data\synthetic\seed_42\annotation\sample_manifest.json,False
A3_feedback_propagasi,entity,0.6669581609680447,0.9444444444444444,0.5555555555555556,0.7037037037037037,0.5392581716849758,0.1969111969111969,0.9039417489322972,0.35392988171659334,0.300644253457016,583.0,54.0,0.09262435677530018,49,105,0.9107573107470696,323,42,data\synthetic\seed_42\human_annotations_majority_annotation.csv,data\synthetic\seed_42\annotation\sample_manifest.json,False
A3_feedback_propagasi,all,0.5905528035392021,0.9444444444444444,0.5,0.5925925925925926,0.5210957904440006,0.1624203821656051,0.8946892294593444,0.3856266746428179,0.3116712250735698,750.0,54.0,0.072,49,105,0.9107573107470696,323,42,data\synthetic\seed_42\human_annotations_majority_annotation.csv,data\synthetic\seed_42\annotation\sample_manifest.json,False
A3_feedback_propagasi,entity,0.6485491275023897,0.9259259259259259,0.5740740740740741,0.7222222222222222,0.5225330439349367,0.18587360594795538,0.8968353987257578,0.38604095168265834,0.32499412314031195,583.0,54.0,0.09262435677530018,50,157,0.9039870155229569,323,42,data\synthetic\seed_42\human_annotations_majority_annotation.csv,data\synthetic\seed_42\annotation\sample_manifest.json,False
A3_feedback_propagasi,all,0.5485850981238399,0.9259259259259259,0.42592592592592593,0.6296296296296297,0.4815233785822021,0.14124293785310735,0.883221583652618,0.42963914288317995,0.3447695040909269,750.0,54.0,0.072,50,157,0.9039870155229569,323,42,data\synthetic\seed_42\human_annotations_majority_annotation.csv,data\synthetic\seed_42\annotation\sample_manifest.json,False
A3_feedback_propagasi,entity,0.6652269173712931,0.9814814814814815,0.5370370370370371,0.6666666666666666,0.5216634039613082,0.18928571428571428,0.8994959042218021,0.3935065272855095,0.32905167841859295,583.0,54.0,0.09262435677530018,51,124,0.9067249911589359,323,42,data\synthetic\seed_42\human_annotations_majority_annotation.csv,data\synthetic\seed_42\annotation\sample_manifest.json,False
A3_feedback_propagasi,all,0.5958580297649081,0.9814814814814815,0.5,0.6296296296296297,0.5088840503587634,0.1582089552238806,0.8946493188590889,0.41341196840491223,0.33165328847057146,750.0,54.0,0.072,51,124,0.9067249911589359,323,42,data\synthetic\seed_42\human_annotations_majority_annotation.csv,data\synthetic\seed_42\annotation\sample_manifest.json,False
A3_feedback_propagasi,entity,0.5904070310708305,0.9074074074074074,0.5185185185185185,0.6111111111111112,0.5036693787380786,0.17437722419928825,0.8674298116642162,0.38805222186556654,0.3119658483871271,583.0,54.0,0.09262435677530018,52,67,0.9050515242369644,323,42,data\synthetic\seed_42\human_annotations_majority_annotation.csv,data\synthetic\seed_42\annotation\sample_manifest.json,False
A3_feedback_propagasi,all,0.5130414823783936,0.9074074074074074,0.48148148148148145,0.5740740740740741,0.48966149263989917,0.1436950146627566,0.8526234567901235,0.42605035068490543,0.3283292984837232,750.0,54.0,0.072,52,67,0.9050515242369644,323,42,data\synthetic\seed_42\human_annotations_majority_annotation.csv,data\synthetic\seed_42\annotation\sample_manifest.json,False
A3_feedback_propagasi,entity,0.6307356721780024,0.8888888888888888,0.5370370370370371,0.6481481481481481,0.49948093467679655,0.1708185053380783,0.8797521529090526,0.3884067725116306,0.3349105117044634,583.0,54.0,0.09262435677530018,53,134,0.909439564115151,323,42,data\synthetic\seed_42\human_annotations_majority_annotation.csv,data\synthetic\seed_42\annotation\sample_manifest.json,False
A3_feedback_propagasi,all,0.4827111379063279,0.8888888888888888,0.48148148148148145,0.5555555555555556,0.4853425559947299,0.14035087719298245,0.8582375478927202,0.4299101242473407,0.35180397758509335,750.0,54.0,0.072,53,134,0.909439564115151,323,42,data\synthetic\seed_42\human_annotations_majority_annotation.csv,data\synthetic\seed_42\annotation\sample_manifest.json,False
A3_feedback_propagasi,entity,0.6762584795995054,0.9814814814814815,0.5925925925925926,0.7222222222222222,0.5031476539018633,0.17966101694915254,0.9036967023734509,0.4116407610584919,0.3408301713892058,583.0,54.0,0.09262435677530018,54,126,0.9077985931564791,323,42,data\synthetic\seed_42\human_annotations_majority_annotation.csv,data\synthetic\seed_42\annotation\sample_manifest.json,False
A3_feedback_propagasi,all,0.5507436509244319,0.9814814814814815,0.46296296296296297,0.6296296296296297,0.48891704034371586,0.1484593837535014,0.8933056619838229,0.4473186348473246,0.35485028650670286,750.0,54.0,0.072,54,126,0.9077985931564791,323,42,data\synthetic\seed_42\human_annotations_majority_annotation.csv,data\synthetic\seed_42\annotation\sample_manifest.json,False
A3_feedback_propagasi,entity,0.6451333390693624,0.9629629629629629,0.5555555555555556,0.6851851851851852,0.5385961587765157,0.19771863117870722,0.8991808443604286,0.3714936761192316,0.3035492586609264,583.0,54.0,0.09262435677530018,55,106,0.9123235993855701,323,42,data\synthetic\seed_42\human_annotations_majority_annotation.csv,data\synthetic\seed_42\annotation\sample_manifest.json,False
A3_feedback_propagasi,all,0.5564162975840282,0.9629629629629629,0.5,0.6296296296296297,0.5163816132895263,0.1609907120743034,0.891044061302682,0.40603857693153744,0.3166546548868281,750.0,54.0,0.072,55,106,0.9123235993855701,323,42,data\synthetic\seed_42\human_annotations_majority_annotation.csv,data\synthetic\seed_42\annotation\sample_manifest.json,False
A3_feedback_propagasi,entity,0.6453854282936815,0.9444444444444444,0.5740740740740741,0.6851851851851852,0.5157247695819248,0.18345323741007194,0.8897640551704823,0.3839274776213296,0.3104588295179321,583.0,54.0,0.09262435677530018,56,67,0.9107003440151535,323,42,data\synthetic\seed_42\human_annotations_majority_annotation.csv,data\synthetic\seed_42\annotation\sample_manifest.json,False
A3_feedback_propagasi,all,0.5851468211276865,0.9444444444444444,0.5,0.6296296296296297,0.5019424821659544,0.15223880597014924,0.8848180076628352,0.4212791521140995,0.3237334956521012,750.0,54.0,0.072,56,67,0.9107003440151535,323,42,data\synthetic\seed_42\human_annotations_majority_annotation.csv,data\synthetic\seed_42\annotation\sample_manifest.json,False
A3_feedback_propagasi,entity,0.6115289235964473,0.9444444444444444,0.5185185185185185,0.6481481481481481,0.5268152587875382,0.1895910780669145,0.8921095008051529,0.38710232619052404,0.292093231295571,583.0,54.0,0.09262435677530018,57,49,0.8939822352376536,323,42,data\synthetic\seed_42\human_annotations_majority_annotation.csv,data\synthetic\seed_42\annotation\sample_manifest.json,False
A3_feedback_propagasi,all,0.5412052696168852,0.9444444444444444,0.46296296296296297,0.5925925925925926,0.5073759206752515,0.15501519756838905,0.8856694338016177,0.4319470188276222,0.31581976589433736,750.0,54.0,0.072,57,49,0.8939822352376536,323,42,data\synthetic\seed_42\human_annotations_majority_annotation.csv,data\synthetic\seed_42\annotation\sample_manifest.json,False
A3_feedback_propagasi,entity,0.6527761458055138,0.8888888888888888,0.5555555555555556,0.6851851851851852,0.5509932014277392,0.200836820083682,0.9029615626969124,0.3290386162894208,0.2693377190893134,583.0,54.0,0.09262435677530018,58,111,0.9073517108270335,323,42,data\synthetic\seed_42\human_annotations_majority_annotation.csv,data\synthetic\seed_42\annotation\sample_manifest.json,False
A3_feedback_propagasi,all,0.5855822617778114,0.8888888888888888,0.48148148148148145,0.6296296296296297,0.5332001179283913,0.16608996539792387,0.898201362281822,0.36739621440602543,0.2818198903278898,750.0,54.0,0.072,58,111,0.9073517108270335,323,42,data\synthetic\seed_42\human_annotations_majority_annotation.csv,data\synthetic\seed_42\annotation\sample_manifest.json,False
A3_feedback_propagasi,entity,0.6974612530869155,0.9259259259259259,0.5925925925925926,0.7592592592592593,0.5486647657591366,0.20161290322580644,0.9119932787229574,0.3478405224880248,0.28942507334143486,583.0,54.0,0.09262435677530018,59,129,0.9130362208747179,323,42,data\synthetic\seed_42\human_annotations_majority_annotation.csv,data\synthetic\seed_42\annotation\sample_manifest.json,False
A3_feedback_propagasi,all,0.6197345336142186,0.9259259259259259,0.5,0.6296296296296297,0.5267050846794313,0.16447368421052633,0.9047866113239678,0.3736960700255222,0.2982589255429751,750.0,54.0,0.072,59,129,0.9130362208747179,323,42,data\synthetic\seed_42\human_annotations_majority_annotation.csv,data\synthetic\seed_42\annotation\sample_manifest.json,False
A3_feedback_propagasi,entity,0.6149412820347134,0.9074074074074074,0.5,0.6481481481481481,0.5542813455657493,0.20416666666666666,0.8869285164181195,0.3270285256293053,0.2538689419650829,583.0,54.0,0.09262435677530018,60,83,0.907289185164305,323,42,data\synthetic\seed_42\human_annotations_majority_annotation.csv,data\synthetic\seed_42\annotation\sample_manifest.json,False
A3_feedback_propagasi,all,0.5079127066137372,0.9074074074074074,0.46296296296296297,0.5925925925925926,0.4976790913572897,0.14759036144578314,0.8657673478075776,0.39107704263700477,0.2926800424504192,750.0,54.0,0.072,60,83,0.907289185164305,323,42,data\synthetic\seed_42\human_annotations_majority_annotation.csv,data\synthetic\seed_42\annotation\sample_manifest.json,False
A3_feedback_propagasi,entity,0.685263797371866,0.9629629629629629,0.5925925925925926,0.7222222222222222,0.5211715541726215,0.18772563176895307,0.9092277532731219,0.3820520813469448,0.31315592648729607,583.0,54.0,0.09262435677530018,61,113,0.9062182836397366,323,42,data\synthetic\seed_42\human_annotations_majority_annotation.csv,data\synthetic\seed_42\annotation\sample_manifest.json,False
A3_feedback_propagasi,all,0.6069671483965363,0.9629629629629629,0.48148148148148145,0.6851851851851852,0.5045045045045045,0.15476190476190477,0.9021924223073648,0.4272457272601314,0.33273567077654587,750.0,54.0,0.072,61,113,0.9062182836397366,323,42,data\synthetic\seed_42\human_annotations_majority_annotation.csv,data\synthetic\seed_42\annotation\sample_manifest.json,False
