node_id,annotator_id,label,confidence,annotated_at,note
ewallet_00412,A2,1,"1,0",,
phone_00363,A2,1,"0,7",,
social_account_00305,A2,0,"0,4",,
domain_00082,A2,0,"0,5",,
apk_00167,A2,0,"0,6",,
domain_00659,A2,1,"0,8",,
social_account_01059,A2,1,"1,0",,
ewallet_00434,A2,1,"0,7",,
domain_00655,A2,1,"0,9",,
social_account_01269,A2,0,"0,3",,
social_account_01090,A2,1,"0,9",,
social_account_00380,A2,1,"0,7",,
social_account_00322,A2,0,"0,3",,
social_account_01270,A2,1,"0,6",,
domain_00299,A2,0,"0,5",,
social_account_00786,A2,1,"0,9",,
bank_account_00107,A2,1,"0,8",,
bank_account_00133,A2,0,"0,3",,
social_account_00496,A2,1,"1,0",,
social_account_00055,A2,1,"0,8",,
phone_00071,A2,0,"0,3",,
social_account_00921,A2,0,"0,3",,
phone_00162,A2,1,"0,7",,
apk_00114,A2,1,"1,0",,
social_account_00933,A2,1,"0,9",,
apk_00107,A2,1,"0,7",,
social_account_01073,A2,0,"0,2",,
social_account_00184,A2,1,"0,6",,
bank_account_00395,A2,1,"0,6",,
social_account_00281,A2,1,"0,8",,
social_account_00453,A2,0,"0,5",,
social_account_00232,A2,0,"0,4",,
social_account_01293,A2,1,"0,8",,
domain_00389,A2,0,"0,4",,
social_account_00651,A2,0,"0,5",,
social_account_00307,A2,1,"0,7",,
social_account_01011,A2,0,"0,4",,
social_account_00764,A2,1,"0,6",,
ewallet_00164,A2,1,"0,8",,
social_account_01013,A2,1,"1,0",,
phone_00461,A2,1,"1,0",,
social_account_01448,A2,0,"0,5",,
social_account_01003,A2,0,"0,4",,
social_account_01346,A2,1,"0,8",,
domain_00689,A2,1,"0,6",,
social_account_00404,A2,0,"0,4",,
domain_00038,A2,1,"0,6",,
apk_00137,A2,1,"0,6",,
bank_account_00215,A2,1,"0,8",,
social_account_01407,A2,1,"0,6",,
social_account_01246,A2,0,"0,4",,
domain_00512,A2,0,"0,5",,
bank_account_00372,A2,1,"0,7",,
social_account_00070,A2,1,"1,0",,
social_account_00850,A2,1,"0,7",,
social_account_00369,A2,0,"0,3",,
domain_00692,A2,1,"0,6",,
social_account_01283,A2,1,"0,7",,
bank_account_00117,A2,0,"0,3",,
phone_00478,A2,1,"0,6",,
bank_account_00287,A2,1,"0,7",,
social_account_01406,A2,1,"0,6",,
social_account_00212,A2,0,"0,3",,
social_account_00246,A2,1,"0,8",,
social_account_00200,A2,1,"0,7",,
social_account_00937,A2,0,"0,2",,
bank_account_00090,A2,1,"0,6",,
phone_00340,A2,1,"0,7",,
domain_00370,A2,1,"0,9",,
ewallet_00247,A2,1,"0,6",,
bank_account_00022,A2,1,"0,8",,
phone_00264,A2,1,"0,6",,
phone_00431,A2,0,"0,2",,
ewallet_00019,A2,1,"0,8",,
domain_00033,A2,0,"0,3",,
bank_account_00239,A2,1,"1,0",,
social_account_00251,A2,1,"0,7",,
domain_00330,A2,0,"0,5",,
domain_00436,A2,1,"0,8",,
bank_account_00021,A2,1,"0,7",,
domain_00044,A2,1,"0,6",,
ewallet_00229,A2,1,"0,8",,
social_account_01353,A2,1,"0,8",,
social_account_01415,A2,1,"0,4",,
phone_00402,A2,1,"0,7",,
domain_00423,A2,1,"0,6",,
ewallet_00168,A2,0,"0,2",,
ewallet_00322,A2,1,"0,8",,
domain_00290,A2,0,"0,3",,
apk_00024,A2,0,"0,2",,
domain_00302,A2,1,"0,9",,
bank_account_00188,A2,0,"0,3",,
bank_account_00418,A2,1,"0,7",,
social_account_00141,A2,0,"0,4",,
social_account_01111,A2,0,"0,4",,
apk_00059,A2,0,"0,2",,
ewallet_00192,A2,0,"0,4",,
apk_00009,A2,1,"0,8",,
social_account_00004,A2,0,"0,4",,
bank_account_00024,A2,1,"0,8",,
social_account_01262,A2,1,"0,8",,
social_account_00724,A2,1,"0,7",,
ewallet_00008,A2,0,"0,3",,
phone_00305,A2,1,"0,7",,
social_account_01056,A2,1,"0,9",,
ewallet_00037,A2,0,"0,1",,
social_account_00949,A2,0,"0,4",,
apk_00062,A2,1,"0,6",,
social_account_00148,A2,1,"0,6",,
phone_00098,A2,0,0.3,,
social_account_00265,A2,1,"0,8",,
bank_account_00275,A2,0,"0,2",,
social_account_01169,A2,1,"0,7",,
bank_account_00392,A2,0,"0,3",,
social_account_00767,A2,1,"0,8",,
social_account_00273,A2,1,"0,8",,
bank_account_00161,A2,0,"0,3",,
social_account_00430,A2,0,"0,4",,
social_account_00699,A2,0,"0,4",,
social_account_00783,A2,1,"0,8",,
domain_00430,A2,0,"0,5",,
social_account_00936,A2,1,"0,7",,
social_account_00917,A2,1,"0,8",,
ewallet_00446,A2,1,"0,7",,
bank_account_00294,A2,1,"0,7",,
social_account_00791,A2,1,"0,9",,
social_account_01376,A2,0,"0,4",,
phone_00267,A2,0,"0,3",,
social_account_01109,A2,0,"0,4",,
social_account_01148,A2,1,"0,6",,
ewallet_00364,A2,0,"0,4",,
social_account_00075,A2,1,"0,8",,
phone_00115,A2,0,"0,3",,
social_account_00630,A2,0,"0,4",,
social_account_00229,A2,0,"0,5",,
domain_00394,A2,0,"0,5",,
social_account_00084,A2,1,"0,6",,
social_account_00738,A2,0,"0,4",,
social_account_01414,A2,1,"0,9",,
domain_00583,A2,1,"0,6",,
apk_00002,A2,1,"0,7",,
social_account_01355,A2,0,"0,4",,
social_account_00583,A2,0,"0,4",,
social_account_00292,A2,1,"0,8",,
social_account_00909,A2,0,"0,4",,
ewallet_00405,A2,1,"0,6",,
domain_00527,A2,0,"0,3",,
domain_00313,A2,1,"0,8",,
apk_00042,A2,1,"0,6",,
social_account_01275,A2,1,"0,8",,
