seed,dropped_ecosystem,condition,group,repeat_seed,auprc,n,n_pos
42,pinjol,joint,semua_tersisa,42,0.6732293244373821,570,41
42,pinjol,joint,both_saja,42,0.3555984923366138,540,11
42,pinjol,joint,judol_saja,42,0.7088739016892811,559,30
42,pinjol,joint,semua_tersisa,43,0.6444943471226064,570,41
42,pinjol,joint,both_saja,43,0.3484025274194408,540,11
42,pinjol,joint,judol_saja,43,0.6818453602042485,559,30
42,pinjol,siloed,semua_tersisa,42,0.6362075499301679,570,41
42,pinjol,siloed,both_saja,42,0.27191976702372783,540,11
42,pinjol,siloed,judol_saja,42,0.6891290897727798,559,30
42,pinjol,siloed,semua_tersisa,43,0.6059479850251791,570,41
42,pinjol,siloed,both_saja,43,0.3077507228923061,540,11
42,pinjol,siloed,judol_saja,43,0.6413479819519832,559,30
42,judol,joint,semua_tersisa,42,0.4606785777629224,553,24
42,judol,joint,both_saja,42,0.3555984923366138,540,11
42,judol,joint,pinjol_saja,42,0.42256212535077364,542,13
42,judol,joint,semua_tersisa,43,0.42560197915646897,553,24
42,judol,joint,both_saja,43,0.3484025274194408,540,11
42,judol,joint,pinjol_saja,43,0.3726348391297873,542,13
42,judol,siloed,semua_tersisa,42,0.35281492845657336,553,24
42,judol,siloed,both_saja,42,0.22814109239975355,540,11
42,judol,siloed,pinjol_saja,42,0.28731652812726044,542,13
42,judol,siloed,semua_tersisa,43,0.3458128367567307,553,24
42,judol,siloed,both_saja,43,0.23415577899135195,540,11
42,judol,siloed,pinjol_saja,43,0.2888519936179339,542,13
43,pinjol,joint,semua_tersisa,43,0.443540250721571,557,29
43,pinjol,joint,both_saja,43,0.4174042175145116,538,10
43,pinjol,joint,judol_saja,43,0.33201376423038986,547,19
43,pinjol,joint,semua_tersisa,44,0.37303809895391665,557,29
43,pinjol,joint,both_saja,44,0.3484037202203313,538,10
43,pinjol,joint,judol_saja,44,0.27280595559040083,547,19
43,pinjol,siloed,semua_tersisa,43,0.5336343488838317,557,29
43,pinjol,siloed,both_saja,43,0.5110010807906662,538,10
43,pinjol,siloed,judol_saja,43,0.44756634131203765,547,19
43,pinjol,siloed,semua_tersisa,44,0.4146240440048705,557,29
43,pinjol,siloed,both_saja,44,0.4219435679256048,538,10
43,pinjol,siloed,judol_saja,44,0.3194522488229551,547,19
43,judol,joint,semua_tersisa,43,0.41829223063728255,546,18
43,judol,joint,both_saja,43,0.4174042175145116,538,10
43,judol,joint,pinjol_saja,43,0.2463853079692997,536,8
43,judol,joint,semua_tersisa,44,0.280267010453764,546,18
43,judol,joint,both_saja,44,0.3484037202203313,538,10
43,judol,joint,pinjol_saja,44,0.06344577435916524,536,8
43,judol,siloed,semua_tersisa,43,0.5041409636731204,546,18
43,judol,siloed,both_saja,43,0.6058410186859553,538,10
43,judol,siloed,pinjol_saja,43,0.28575215120192876,536,8
43,judol,siloed,semua_tersisa,44,0.3043463622262804,546,18
43,judol,siloed,both_saja,44,0.3739110306601861,538,10
43,judol,siloed,pinjol_saja,44,0.0756209130699072,536,8
44,pinjol,joint,semua_tersisa,44,0.08751954972033318,563,18
44,pinjol,joint,both_saja,44,0.005637380241786392,548,3
44,pinjol,joint,judol_saja,44,0.09551943476338212,560,15
44,pinjol,joint,semua_tersisa,45,0.06789978026116293,563,18
44,pinjol,joint,both_saja,45,0.007602930535261362,548,3
44,pinjol,joint,judol_saja,45,0.06875391907410305,560,15
44,pinjol,siloed,semua_tersisa,44,0.18054797749978835,563,18
44,pinjol,siloed,both_saja,44,0.0049986958033851146,548,3
44,pinjol,siloed,judol_saja,44,0.2084412585399155,560,15
44,pinjol,siloed,semua_tersisa,45,0.09233729123805282,563,18
44,pinjol,siloed,both_saja,45,0.006918907286104349,548,3
44,pinjol,siloed,judol_saja,45,0.09924264800130378,560,15
44,judol,joint,semua_tersisa,44,0.007058677229017972,549,4
44,judol,joint,both_saja,44,0.005637380241786392,548,3
44,judol,joint,pinjol_saja,44,0.0033333333333333335,546,1
44,judol,joint,semua_tersisa,45,0.00872091145179313,549,4
44,judol,joint,both_saja,45,0.007602930535261362,548,3
44,judol,joint,pinjol_saja,45,0.003484320557491289,546,1
44,judol,siloed,semua_tersisa,44,0.008459488513472132,549,4
44,judol,siloed,both_saja,44,0.007397955566897764,548,3
44,judol,siloed,pinjol_saja,44,0.0031847133757961785,546,1
44,judol,siloed,semua_tersisa,45,0.00785096031726678,549,4
44,judol,siloed,both_saja,45,0.0061974980772906245,548,3
44,judol,siloed,pinjol_saja,45,0.003816793893129771,546,1
45,pinjol,joint,semua_tersisa,45,0.423460907040278,552,37
45,pinjol,joint,both_saja,45,0.35749887272987596,539,24
45,pinjol,joint,judol_saja,45,0.3135121501539266,528,13
45,pinjol,joint,semua_tersisa,46,0.3612691626207393,552,37
45,pinjol,joint,both_saja,46,0.29306115198113175,539,24
45,pinjol,joint,judol_saja,46,0.2899290587153159,528,13
45,pinjol,siloed,semua_tersisa,45,0.40511514229850454,552,37
45,pinjol,siloed,both_saja,45,0.32709946054787564,539,24
45,pinjol,siloed,judol_saja,45,0.30074355256284335,528,13
45,pinjol,siloed,semua_tersisa,46,0.42174320525239867,552,37
45,pinjol,siloed,both_saja,46,0.3375368456123035,539,24
45,pinjol,siloed,judol_saja,46,0.3796222637442976,528,13
45,judol,joint,semua_tersisa,45,0.3398886414794827,541,26
45,judol,joint,both_saja,45,0.35749887272987596,539,24
45,judol,joint,pinjol_saja,45,0.008580925247591915,517,2
45,judol,joint,semua_tersisa,46,0.2827414562666449,541,26
45,judol,joint,both_saja,46,0.29306115198113175,539,24
45,judol,joint,pinjol_saja,46,0.012124425592082008,517,2
45,judol,siloed,semua_tersisa,45,0.24269541321535265,541,26
45,judol,siloed,both_saja,45,0.25337587644940446,539,24
45,judol,siloed,pinjol_saja,45,0.007610575735112429,517,2
45,judol,siloed,semua_tersisa,46,0.22623824514396165,541,26
45,judol,siloed,both_saja,46,0.23559842054415317,539,24
45,judol,siloed,pinjol_saja,46,0.007481940144478844,517,2
46,pinjol,joint,semua_tersisa,46,0.723270738032583,563,41
46,pinjol,joint,both_saja,46,0.4829679715989571,536,14
46,pinjol,joint,judol_saja,46,0.7092059988813154,549,27
46,pinjol,joint,semua_tersisa,47,0.7681291578033907,563,41
46,pinjol,joint,both_saja,47,0.6019451335626677,536,14
46,pinjol,joint,judol_saja,47,0.7588782283284952,549,27
46,pinjol,siloed,semua_tersisa,46,0.6835101360084207,563,41
46,pinjol,siloed,both_saja,46,0.4336378140782989,536,14
46,pinjol,siloed,judol_saja,46,0.6749601220654157,549,27
46,pinjol,siloed,semua_tersisa,47,0.7175856686092548,563,41
46,pinjol,siloed,both_saja,47,0.39207807564014885,536,14
46,pinjol,siloed,judol_saja,47,0.7436907024090714,549,27
46,judol,joint,semua_tersisa,46,0.5137550580189724,558,36
46,judol,joint,both_saja,46,0.4829679715989571,536,14
46,judol,joint,pinjol_saja,46,0.3475106622219697,544,22
46,judol,joint,semua_tersisa,47,0.5673554801697422,558,36
46,judol,joint,both_saja,47,0.6019451335626677,536,14
46,judol,joint,pinjol_saja,47,0.3900111454145681,544,22
46,judol,siloed,semua_tersisa,46,0.48675096171482707,558,36
46,judol,siloed,both_saja,46,0.3870254885735143,536,14
46,judol,siloed,pinjol_saja,46,0.3516279481986358,544,22
46,judol,siloed,semua_tersisa,47,0.5578147064816971,558,36
46,judol,siloed,both_saja,47,0.5059921153482757,536,14
46,judol,siloed,pinjol_saja,47,0.4160224421470348,544,22
47,pinjol,joint,semua_tersisa,47,0.5268818739131836,537,42
47,pinjol,joint,both_saja,47,0.4473959224535519,531,36
47,pinjol,joint,judol_saja,47,0.6794201539483452,501,6
47,pinjol,joint,semua_tersisa,48,0.5638691109910027,537,42
47,pinjol,joint,both_saja,48,0.4849188121081771,531,36
47,pinjol,joint,judol_saja,48,0.7880507343124166,501,6
47,pinjol,siloed,semua_tersisa,47,0.5642227343577346,537,42
47,pinjol,siloed,both_saja,47,0.4892556351103563,531,36
47,pinjol,siloed,judol_saja,47,0.7282195039075773,501,6
47,pinjol,siloed,semua_tersisa,48,0.6126931891883939,537,42
47,pinjol,siloed,both_saja,48,0.5503571605429527,531,36
47,pinjol,siloed,judol_saja,48,0.7730605048255382,501,6
47,judol,joint,semua_tersisa,47,0.4547793515964567,546,51
47,judol,joint,both_saja,47,0.4473959224535519,531,36
47,judol,joint,pinjol_saja,47,0.1504301486388177,510,15
47,judol,joint,semua_tersisa,48,0.5533937556743143,546,51
47,judol,joint,both_saja,48,0.4849188121081771,531,36
47,judol,joint,pinjol_saja,48,0.4568060924912621,510,15
47,judol,siloed,semua_tersisa,47,0.45692487167126256,546,51
47,judol,siloed,both_saja,47,0.43296540222498753,531,36
47,judol,siloed,pinjol_saja,47,0.1758908055966367,510,15
47,judol,siloed,semua_tersisa,48,0.5036882541899801,546,51
47,judol,siloed,both_saja,48,0.495556026902731,531,36
47,judol,siloed,pinjol_saja,48,0.23825554151346687,510,15
