seed,model,scope,n_init,auprc_single,auprc_init_mean,auprc_init_std,auprc_ensemble,gain_vs_single,gain_vs_init_mean,ens_auprc,ens_recall,ens_recall_at_50,ens_recall_at_100,ens_macro_f1,ens_precision,ens_roc_auc,ens_ece,ens_brier,ens_n,ens_n_pos,ens_pos_rate
42,rgcn,entity,5,0.6782094906540411,0.6522116426615533,0.014962966986939715,0.650074670461333,-0.028134820192708077,-0.002136972200220244,0.650074670461333,0.9074074074074074,0.5185185185185185,0.6481481481481481,0.5392004863961088,0.19444444444444445,0.8950150528600433,0.331352069147714,0.28556405372062826,583.0,54.0,0.09262435677530018
42,rgcn,all,5,0.6011184082060336,0.5791494801614198,0.02038081263375726,0.5852701172877708,-0.015848290918262786,0.006120637126351025,0.5852701172877708,0.9074074074074074,0.5185185185185185,0.6111111111111112,0.5211988304093567,0.16013071895424835,0.8852703277990635,0.3616471823091134,0.29312551927405583,750.0,54.0,0.072
42,mlp,entity,5,0.26499811503858983,0.2582727214436523,0.010210862903845992,0.2630186789321035,-0.001979436106486321,0.004745957488451191,0.2630186789321035,0.5185185185185185,0.2777777777777778,0.3888888888888889,0.44825375503724507,0.112,0.6198277672757825,0.34691361036937607,0.25312445605060024,583.0,54.0,0.09262435677530018
42,mlp,all,5,0.2325423709608553,0.2263752761971932,0.009766656552820456,0.23095061269583592,-0.001591758265019394,0.004575336498642724,0.23095061269583592,0.5185185185185185,0.25925925925925924,0.35185185185185186,0.4151793450008664,0.08139534883720931,0.6046189868028948,0.38229638448357584,0.26748986812220277,750.0,54.0,0.072
42,gcn_homogeneous,entity,5,0.555775134641385,0.5826082974097191,0.03153649672985307,0.5669299417103989,0.01115480706901395,-0.01567835569932019,0.5669299417103989,0.9259259259259259,0.4444444444444444,0.6851851851851852,0.5474035236663874,0.20080321285140562,0.8666946719876776,0.32666770438048753,0.26523785373395353,583.0,54.0,0.09262435677530018
42,gcn_homogeneous,all,5,0.25284308561118923,0.26567298146431984,0.019411458983362998,0.26554729005948047,0.012704204448291234,-0.00012569140483936758,0.26554729005948047,0.9259259259259259,0.2962962962962963,0.46296296296296297,0.4497338247338247,0.1282051282051282,0.8135642826734781,0.420664251701783,0.3463758457647999,750.0,54.0,0.072
42,xgb_graph,entity,5,0.3914142652501227,0.352835410279314,0.041401094547677875,0.3428295683451015,-0.04858469690502121,-0.0100058419342125,0.3428295683451015,0.8333333333333334,0.37037037037037035,0.5,0.5348615462453055,0.18672199170124482,0.8386543443254217,0.3297301741961691,0.24767228885275228,583.0,54.0,0.09262435677530018
42,xgb_graph,all,5,0.3816977171824069,0.3445951013576917,0.040792116044173994,0.3348582382697276,-0.04683947891267931,-0.00973686308796412,0.3348582382697276,0.8333333333333334,0.37037037037037035,0.5,0.5310220245952895,0.16129032258064516,0.8618295019157087,0.3261271000969689,0.22492843560453601,750.0,54.0,0.072
42,rule_based,entity,1,0.20450920672360567,0.20450920672360567,0.0,0.20450920672360567,0.0,0.0,0.20450920672360567,0.8518518518518519,0.3333333333333333,0.4074074074074074,0.47215842553265863,0.15488215488215487,0.7602394454946438,0.4079759868682964,0.307903088116012,583.0,54.0,0.09262435677530018
42,rule_based,all,1,0.16926139345347355,0.16926139345347355,0.0,0.16926139345347355,0.0,0.0,0.16926139345347355,0.8518518518518519,0.3333333333333333,0.37037037037037035,0.42828143293941257,0.115,0.7517959770114941,0.4427333345711231,0.3222566683367889,750.0,54.0,0.072
43,rgcn,entity,5,0.4556136557325617,0.4590097886016438,0.05615658290236677,0.39765765375814394,-0.05795600197441775,-0.061352134843499884,0.39765765375814394,0.8108108108108109,0.43243243243243246,0.5945945945945946,0.4443351691581432,0.10989010989010989,0.7572174447174448,0.4222758870831351,0.3674954349976318,565.0,37.0,0.06548672566371681
43,rgcn,all,5,0.4352575273980816,0.4315022241495174,0.050688707015698796,0.3755068355064385,-0.059750691891643115,-0.0559953886430789,0.3755068355064385,0.8108108108108109,0.3783783783783784,0.5945945945945946,0.4478305473417416,0.09146341463414634,0.7575148781319889,0.43817905168451726,0.3518482914538359,750.0,37.0,0.04933333333333333
43,mlp,entity,5,0.08906240526129097,0.08110646279640901,0.005335269373631939,0.08046983031920273,-0.008592574942088246,-0.0006366324772062865,0.08046983031920273,0.4864864864864865,0.10810810810810811,0.21621621621621623,0.4335802726314008,0.0782608695652174,0.5201678951678952,0.38491162878288104,0.282863091646174,565.0,37.0,0.06548672566371681
43,mlp,all,5,0.059710222079364265,0.054755426047765995,0.003439921689054163,0.054383619123991714,-0.005326602955372552,-0.0003718069237742816,0.054383619123991714,0.4864864864864865,0.08108108108108109,0.13513513513513514,0.3973333333333333,0.05325443786982249,0.48546302262992314,0.4347361591383815,0.31560550109546837,750.0,37.0,0.04933333333333333
43,gcn_homogeneous,entity,5,0.5708478402838131,0.5331522537285086,0.02032391884960173,0.5475693986122414,-0.02327844167157167,0.014417144883732802,0.5475693986122414,0.8108108108108109,0.5405405405405406,0.5945945945945946,0.4543119236641833,0.11363636363636363,0.7822481572481572,0.38802231448022306,0.3055151007463269,565.0,37.0,0.06548672566371681
43,gcn_homogeneous,all,5,0.36286991385186085,0.2937757110694603,0.056832018318532726,0.3296550984064746,-0.03321481544538624,0.03587938733701429,0.3296550984064746,0.8108108108108109,0.43243243243243246,0.5675675675675675,0.37371682582735305,0.07109004739336493,0.7454228421970358,0.4814350394793146,0.38842570193159753,750.0,37.0,0.04933333333333333
43,xgb_graph,entity,5,0.16390326191602,0.16621586343419814,0.013167080076799946,0.1514996363481384,-0.012403625567881604,-0.014716227086059741,0.1514996363481384,0.7297297297297297,0.21621621621621623,0.4594594594594595,0.45696483611175553,0.10843373493975904,0.7101248976248976,0.3759145772489265,0.2993318494999623,565.0,37.0,0.06548672566371681
43,xgb_graph,all,5,0.15599975703204869,0.1574626003594899,0.013323164031469267,0.1429886775896004,-0.013011079442448281,-0.014473922769889486,0.1429886775896004,0.7297297297297297,0.21621621621621623,0.4594594594594595,0.4607697127186451,0.09090909090909091,0.7255600621659528,0.3745547101186588,0.2699840595821581,750.0,37.0,0.04933333333333333
43,rule_based,entity,1,0.10505537535223822,0.10505537535223822,0.0,0.10505537535223822,0.0,0.0,0.10505537535223822,0.7837837837837838,0.21621621621621623,0.2702702702702703,0.39232028467155944,0.09177215189873418,0.6318847256347256,0.5013274343667832,0.37406637208546173,565.0,37.0,0.06548672566371681
43,rule_based,all,1,0.08103801611045938,0.08103801611045938,0.0,0.08103801611045938,0.0,0.0,0.08103801611045938,0.7837837837837838,0.21621621621621623,0.24324324324324326,0.35355392156862747,0.0654627539503386,0.6289943519957544,0.522133334428072,0.3825666677256427,750.0,37.0,0.04933333333333333
44,rgcn,entity,5,0.08573667638748497,0.08266171938101981,0.01925542066536463,0.10698128824223016,0.021244611854745188,0.024319568861210353,0.10698128824223016,0.5789473684210527,0.15789473684210525,0.3157894736842105,0.3926050017949025,0.043137254901960784,0.5934331240946402,0.4152400877706779,0.35325329319374704,564.0,19.0,0.03368794326241135
44,rgcn,all,5,0.049072801788937095,0.05548331848005368,0.009700011459159816,0.060047777905497216,0.01097497611656012,0.0045644594254435344,0.060047777905497216,0.5789473684210527,0.15789473684210525,0.3157894736842105,0.39850105694702453,0.03481012658227848,0.5806033551731586,0.42881283324437286,0.3390558439346431,750.0,19.0,0.025333333333333333
44,mlp,entity,5,0.041367589501329544,0.04380030716821122,0.0018631835891324867,0.042811596240109044,0.0014440067387795005,-0.0009887109281021753,0.042811596240109044,0.6842105263157895,0.10526315789473684,0.15789473684210525,0.36834135184162786,0.044673539518900345,0.581168517624336,0.45930520730614927,0.31465111858647465,564.0,19.0,0.03368794326241135
44,mlp,all,5,0.028129046164074897,0.02974615362170909,0.0013286310172772157,0.02936113811782425,0.0012320919537493515,-0.00038501550388484254,0.02936113811782425,0.6842105263157895,0.05263157894736842,0.15789473684210525,0.33930144520368566,0.03140096618357488,0.546547627618979,0.4983989528827369,0.34688080695528245,750.0,19.0,0.025333333333333333
44,gcn_homogeneous,entity,5,0.048993518975501804,0.0750984015747431,0.021863640817605192,0.06202748452136635,0.013033965545864543,-0.013070917053376749,0.06202748452136635,0.5263157894736842,0.15789473684210525,0.15789473684210525,0.36791839916839914,0.036101083032490974,0.5619507484307098,0.4386173934979424,0.35628522663427575,564.0,19.0,0.03368794326241135
44,gcn_homogeneous,all,5,0.025031626108596536,0.029011048954312207,0.002431189835295937,0.028245703900806295,0.003214077792209759,-0.0007653450535059121,0.028245703900806295,0.5263157894736842,0.05263157894736842,0.15789473684210525,0.32674030366111195,0.023923444976076555,0.5106919144646843,0.5086967551966384,0.41581111037459445,750.0,19.0,0.025333333333333333
44,xgb_graph,entity,5,0.11551510178402503,0.07667879982903215,0.0275619873331055,0.05733767058862306,-0.058177431195401974,-0.019341129240409094,0.05733767058862306,0.5789473684210527,0.15789473684210525,0.21052631578947367,0.3944131390874107,0.043478260869565216,0.6228874939642686,0.41136917321714045,0.3166800539682458,564.0,19.0,0.03368794326241135
44,xgb_graph,all,5,0.1112269422052287,0.07124215942731404,0.02821290255792274,0.05197271934812507,-0.05925422285710363,-0.019269440079188974,0.05197271934812507,0.5789473684210527,0.15789473684210525,0.21052631578947367,0.40042705066842715,0.03514376996805112,0.6415148678810569,0.40525950423600154,0.286975200067999,750.0,19.0,0.025333333333333333
44,rule_based,entity,1,0.03500908331045715,0.03500908331045715,0.0,0.03500908331045715,0.0,0.0,0.03500908331045715,0.631578947368421,0.10526315789473684,0.10526315789473684,0.3619909502262444,0.040955631399317405,0.5258329309512313,0.47898936321866425,0.35718528497937735,564.0,19.0,0.03368794326241135
44,rule_based,all,1,0.026551616081104703,0.026551616081104703,0.0,0.026551616081104703,0.0,0.0,0.026551616081104703,0.631578947368421,0.10526315789473684,0.10526315789473684,0.34242828084449745,0.02962962962962963,0.5221038231694146,0.4912000017861525,0.3530066684480509,750.0,19.0,0.025333333333333333
45,rgcn,entity,5,0.41108001919435,0.39374561380596995,0.028624598698898236,0.38448892086288483,-0.02659109833146517,-0.00925669294308512,0.38448892086288483,0.7435897435897436,0.4358974358974359,0.5384615384615384,0.4457878941323223,0.11068702290076336,0.7552402290266368,0.39550315603073316,0.34183350446800653,554.0,39.0,0.0703971119133574
45,rgcn,all,5,0.2868995343428794,0.26813425660906326,0.03687041620788117,0.287440014092662,0.0005404797497826075,0.01930575748359875,0.287440014092662,0.7435897435897436,0.358974358974359,0.5384615384615384,0.4512159189125481,0.0914826498422713,0.7401997908327022,0.4202778237032698,0.33399151726062437,750.0,39.0,0.052
45,mlp,entity,5,0.24355545250508776,0.23106507950956523,0.012664539176230465,0.24453802500391408,0.0009825724988263285,0.013472945494348854,0.24453802500391408,0.5128205128205128,0.28205128205128205,0.358974358974359,0.37529605019294476,0.06896551724137931,0.5668907144635299,0.4185571257984904,0.3115521772295769,554.0,39.0,0.0703971119133574
45,mlp,all,5,0.15836206980190518,0.15690989646286152,0.015366286568770442,0.156231540383736,-0.002130529418169186,-0.0006783560791255305,0.156231540383736,0.5128205128205128,0.2564102564102564,0.28205128205128205,0.3567753001715266,0.04987531172069826,0.5479101301886112,0.45274447755826014,0.33446454435689277,750.0,39.0,0.052
45,gcn_homogeneous,entity,5,0.49034066015072436,0.4969084662022597,0.0374458096629355,0.4918904170792591,0.0015497569285347623,-0.005018049123000579,0.4918904170792591,0.7948717948717948,0.41025641025641024,0.5641025641025641,0.4514761717727154,0.1169811320754717,0.7708737864077669,0.4120833627361332,0.34722877257788537,554.0,39.0,0.0703971119133574
45,gcn_homogeneous,all,5,0.1335896237521215,0.14342423473100963,0.013740022169483924,0.14214913671538928,0.00855951296326779,-0.0012750980156203406,0.14214913671538928,0.7948717948717948,0.3333333333333333,0.41025641025641024,0.36708077225430663,0.07175925925925926,0.7051282051282052,0.5134120979092637,0.445486054105418,750.0,39.0,0.052
45,xgb_graph,entity,5,0.24987107853548893,0.20885095615807753,0.04057040817783579,0.1932247033758828,-0.05664637515960613,-0.015626252782194733,0.1932247033758828,0.6923076923076923,0.3333333333333333,0.38461538461538464,0.4455244037772985,0.1062992125984252,0.6805576300721932,0.39029214634275944,0.2985502367319181,554.0,39.0,0.0703971119133574
45,xgb_graph,all,5,0.24105788733335465,0.20122058566437243,0.03949077025410987,0.18575953716021348,-0.055298350173141164,-0.015461048504158942,0.18575953716021348,0.6923076923076923,0.3333333333333333,0.38461538461538464,0.466978815020746,0.09407665505226481,0.7044610335749577,0.37312177258140095,0.25448087238442724,750.0,39.0,0.052
45,rule_based,entity,1,0.14754106886734947,0.14754106886734947,0.0,0.14754106886734947,0.0,0.0,0.14754106886734947,0.8461538461538461,0.358974358974359,0.38461538461538464,0.41399305978327045,0.10819672131147541,0.7216828478964402,0.47003610122827844,0.35004512646138036,554.0,39.0,0.0703971119133574
45,rule_based,all,1,0.11375820599799741,0.11375820599799741,0.0,0.11375820599799741,0.0,0.0,0.11375820599799741,0.8461538461538461,0.358974358974359,0.358974358974359,0.37656894225048765,0.07710280373831775,0.7171733564138627,0.4934000005622704,0.3597900006886324,750.0,39.0,0.052
46,rgcn,entity,5,0.696582106314296,0.7225054058423694,0.023949843757528833,0.721258409791392,0.02467630347709604,-0.0012469960509774447,0.721258409791392,0.9206349206349206,0.6031746031746031,0.746031746031746,0.5432699194911612,0.2140221402214022,0.9015082405887003,0.34919519539728033,0.29794925989575133,585.0,63.0,0.1076923076923077
46,rgcn,all,5,0.5080732020531352,0.5654793425280819,0.04736992914688552,0.5723255707972029,0.0642523687440677,0.0068462282691210685,0.5723255707972029,0.9206349206349206,0.4444444444444444,0.6825396825396826,0.5262379708407858,0.17791411042944785,0.8854116124858483,0.3935057634763154,0.31505774796635616,750.0,63.0,0.084
46,mlp,entity,5,0.26952919170860595,0.2790481755728973,0.018839649211368135,0.27990131551872827,0.010372123810122313,0.0008531399458309719,0.27990131551872827,0.746031746031746,0.20634920634920634,0.3492063492063492,0.486482103637793,0.16785714285714284,0.6711062458188896,0.3707388458821254,0.2814005703671875,585.0,63.0,0.1076923076923077
46,mlp,all,5,0.21353866491361612,0.22354740401214906,0.01667659951069994,0.22420052339192026,0.010661858478304143,0.0006531193797711943,0.22420052339192026,0.746031746031746,0.20634920634920634,0.30158730158730157,0.4366597637153721,0.12207792207792208,0.6427531711374507,0.41983702515810734,0.31196986319872433,750.0,63.0,0.084
46,gcn_homogeneous,entity,5,0.8037871776956481,0.795702397887364,0.01719331556012337,0.7991336228265091,-0.004653554869138987,0.003431224939145161,0.7991336228265091,0.9047619047619048,0.6825396825396826,0.7936507936507936,0.5315024805102764,0.20577617328519857,0.9092014839141276,0.3543788233265769,0.29709033464654067,585.0,63.0,0.1076923076923077
46,gcn_homogeneous,all,5,0.40899101481295774,0.3910311487476732,0.019433187380280263,0.38078253974985593,-0.028208475063101812,-0.010248608997817266,0.38078253974985593,0.9047619047619048,0.36507936507936506,0.6825396825396826,0.42835365853658536,0.13286713286713286,0.8543240682978673,0.46642608447026046,0.4069162466568467,750.0,63.0,0.084
46,xgb_graph,entity,5,0.39671528058244093,0.449729163374143,0.04410189550502791,0.4663690828412371,0.0696538022587962,0.016639919467094144,0.4663690828412371,0.9365079365079365,0.4126984126984127,0.6349206349206349,0.5616471904116148,0.22692307692307692,0.8644103873988931,0.33397326690920937,0.25704832819814966,585.0,63.0,0.1076923076923077
46,xgb_graph,all,5,0.3905993271594078,0.4447080640408375,0.04514072297836891,0.4621824517564356,0.07158312459702776,0.01747438771559806,0.4621824517564356,0.9365079365079365,0.4126984126984127,0.6349206349206349,0.5528332629292136,0.19536423841059603,0.8850765925001733,0.33029646587238337,0.2325008003412201,750.0,63.0,0.084
46,rule_based,entity,1,0.24772401572952604,0.24772401572952604,0.0,0.24772401572952604,0.0,0.0,0.24772401572952604,0.8888888888888888,0.2222222222222222,0.4603174603174603,0.4938089792705148,0.18421052631578946,0.7869610168460743,0.4125641034709082,0.3095512831975253,585.0,63.0,0.1076923076923077
46,rule_based,all,1,0.19422464704333747,0.19422464704333747,0.0,0.19422464704333747,0.0,0.0,0.19422464704333747,0.8888888888888888,0.2222222222222222,0.4126984126984127,0.441730204554988,0.1362530413625304,0.7759293916499157,0.45126666766405105,0.33333000125805545,750.0,63.0,0.084
47,rgcn,entity,5,0.5191845135144263,0.5472031324632577,0.06101140295704553,0.5289124163098722,0.009727902795445886,-0.01829071615338551,0.5289124163098722,0.8421052631578947,0.49122807017543857,0.6491228070175439,0.5084320028752272,0.183206106870229,0.822682970051391,0.36638785413410746,0.320308395702397,552.0,57.0,0.10326086956521739
47,rgcn,all,5,0.5033146254302304,0.5030916095975935,0.06068499385733897,0.4997061626405075,-0.0036084627897229327,-0.00338544695708598,0.4997061626405075,0.8421052631578947,0.45614035087719296,0.5789473684210527,0.504,0.1509433962264151,0.8251183514341409,0.40442466879356676,0.31714952720167744,750.0,57.0,0.076
47,mlp,entity,5,0.19874268833984143,0.20408550875217418,0.00903713439084876,0.2037007501867506,0.0049580618469091675,-0.0003847585654235819,0.2037007501867506,0.543859649122807,0.17543859649122806,0.2982456140350877,0.42773029439696103,0.11610486891385768,0.5589580010632642,0.4070963123948246,0.3169387667784833,552.0,57.0,0.10326086956521739
47,mlp,all,5,0.1336018977775489,0.1444195704034494,0.010652903147505825,0.15159223107596048,0.01799033329841157,0.007172660672511072,0.15159223107596048,0.543859649122807,0.14035087719298245,0.2631578947368421,0.38654021428070645,0.07948717948717948,0.5329232171337435,0.455937659005324,0.34263793404724147,750.0,57.0,0.076
47,gcn_homogeneous,entity,5,0.6548159161296357,0.6941375157692954,0.021895614686300933,0.6962344440547564,0.041418527925120685,0.0020969282854610416,0.6962344440547564,0.9122807017543859,0.5964912280701754,0.7017543859649122,0.4984909146904835,0.18374558303886926,0.8691476165160376,0.39253788869670425,0.32801500597773525,552.0,57.0,0.10326086956521739
47,gcn_homogeneous,all,5,0.27592271986328465,0.34640449086826897,0.04080287180862465,0.3400060304794746,0.06408331061618994,-0.00639846038879438,0.3400060304794746,0.9122807017543859,0.3157894736842105,0.5964912280701754,0.41503334006870074,0.12009237875288684,0.821270347586137,0.48286036926541,0.40712287026397265,750.0,57.0,0.076
47,xgb_graph,entity,5,0.28191533392473,0.28043541454967846,0.03218476831171349,0.2723746451436785,-0.00954068878105152,-0.008060769405999979,0.2723746451436785,0.8771929824561403,0.22807017543859648,0.3684210526315789,0.521172010537814,0.19305019305019305,0.7654793549530392,0.36599124342452427,0.30785376482273363,552.0,57.0,0.10326086956521739
47,xgb_graph,all,5,0.26610507930601635,0.2688876973951852,0.03308796782468673,0.2615973915994894,-0.0045076877065269305,-0.007290305795695784,0.2615973915994894,0.8771929824561403,0.22807017543859648,0.3684210526315789,0.5267050846794313,0.16611295681063123,0.7997772208298525,0.35346138040182806,0.26898474098919867,750.0,57.0,0.076
47,rule_based,entity,1,0.15764822994014566,0.15764822994014566,0.0,0.15764822994014566,0.0,0.0,0.15764822994014566,0.8421052631578947,0.10526315789473684,0.21052631578947367,0.44436701509872245,0.15384615384615385,0.6714867978025872,0.4342391301162434,0.3502626812360858,552.0,57.0,0.10326086956521739
47,rule_based,all,1,0.1194691369797973,0.1194691369797973,0.0,0.1194691369797973,0.0,0.0,0.1194691369797973,0.8421052631578947,0.10526315789473684,0.17543859649122806,0.4117647058823529,0.11347517730496454,0.6709197235513025,0.4640666665931543,0.35770333356340733,750.0,57.0,0.076
