seed,model,split,scope,auprc,recall,recall_at_50,recall_at_100,macro_f1,precision,roc_auc,ece,brier,n,n_pos,pos_rate,best_epoch,val_auprc_weak,num_parameters,num_features
42,rgcn,val,entity,0.7110519278217678,0.8181818181818182,0.6545454545454545,0.7272727272727273,0.5114014095159782,0.17578125,0.8632656663724625,0.36303554872775334,0.32635477960952036,570.0,55.0,0.09649122807017543,184.0,0.9230658400449678,144130.0,
42,rgcn,val,all,0.5481738296112233,0.8181818181818182,0.4909090909090909,0.6909090909090909,0.4924566517755736,0.14018691588785046,0.8402092871157619,0.38998188498446584,0.3339013588533946,750.0,55.0,0.07333333333333333,184.0,0.9230658400449678,144130.0,
42,rgcn,test,entity,0.6782094906540411,0.9074074074074074,0.5555555555555556,0.7037037037037037,0.5354722011381616,0.19215686274509805,0.9046768886088357,0.3464528943496014,0.3074151968413174,583.0,54.0,0.09262435677530018,184.0,0.9230658400449678,144130.0,
42,rgcn,test,all,0.6011184082060336,0.9074074074074074,0.5,0.6111111111111112,0.5138942233830082,0.15605095541401273,0.8920285227756493,0.3791566362025326,0.31962111194651094,750.0,54.0,0.072,184.0,0.9230658400449678,144130.0,
42,rule_based,val,entity,0.18326152845172702,0.8727272727272727,0.18181818181818182,0.34545454545454546,0.48252666119770304,0.16551724137931034,0.7417122683142101,0.40701754452628003,0.31394736967850156,570.0,55.0,0.09649122807017543,,,,
42,rule_based,val,all,0.14126683892716324,0.8727272727272727,0.18181818181818182,0.2727272727272727,0.43459876517212626,0.12030075187969924,0.7334597776324395,0.44653333440423015,0.33373333500027663,750.0,55.0,0.07333333333333333,,,,
42,rule_based,test,entity,0.20450920672360567,0.8518518518518519,0.3333333333333333,0.4074074074074074,0.47215842553265863,0.15488215488215487,0.7602394454946438,0.4079759868682964,0.307903088116012,583.0,54.0,0.09262435677530018,,,,
42,rule_based,test,all,0.16926139345347355,0.8518518518518519,0.3333333333333333,0.37037037037037035,0.42828143293941257,0.115,0.7517959770114941,0.4427333345711231,0.3222566683367889,750.0,54.0,0.072,,,,
42,mlp,val,entity,0.284340023344463,0.5818181818181818,0.3090909090909091,0.43636363636363634,0.4472404184122871,0.12213740458015267,0.6504501323918801,0.3701589123983132,0.26177971160103336,570.0,55.0,0.09649122807017543,56.0,0.7534658105778519,4866.0,
42,mlp,val,all,0.22099848506805464,0.5818181818181818,0.2545454545454545,0.34545454545454546,0.4057895414594115,0.08602150537634409,0.6300327011118376,0.41072468093037606,0.28512441942918265,750.0,55.0,0.07333333333333333,56.0,0.7534658105778519,4866.0,
42,mlp,test,entity,0.26499811503858983,0.5740740740740741,0.2962962962962963,0.4074074074074074,0.4594467244262046,0.12301587301587301,0.6419869775257298,0.36424530866215604,0.258568953035308,583.0,54.0,0.09262435677530018,56.0,0.7534658105778519,4866.0,
42,mlp,test,all,0.2325423709608553,0.5740740740740741,0.25925925925925924,0.3888888888888889,0.41834456930522806,0.08781869688385269,0.6271285653469562,0.39784982969363525,0.27249312009726484,750.0,54.0,0.072,56.0,0.7534658105778519,4866.0,
42,xgb_graph,val,entity,0.4106670545102056,0.7636363636363637,0.4,0.5636363636363636,0.5175208103500151,0.175,0.8042365401588703,0.3263092654310943,0.2800100239564675,570.0,55.0,0.09649122807017543,153.0,0.8874464062778523,,160.0
42,xgb_graph,val,all,0.3975701440733854,0.7636363636363637,0.4,0.5636363636363636,0.5017177462576348,0.14093959731543623,0.8122956180510138,0.33388898767554204,0.26250503017033566,750.0,55.0,0.07333333333333333,153.0,0.8874464062778523,,160.0
42,xgb_graph,test,entity,0.3914142652501227,0.8333333333333334,0.3888888888888889,0.5370370370370371,0.5373178674610715,0.18828451882845187,0.8452005881117411,0.3200123951508581,0.25706767682740306,583.0,54.0,0.09262435677530018,153.0,0.8874464062778523,,160.0
42,xgb_graph,test,all,0.3816977171824069,0.8333333333333334,0.3888888888888889,0.5370370370370371,0.527340271629445,0.15901060070671377,0.8640644955300127,0.3176070350170291,0.23583350510216963,750.0,54.0,0.072,153.0,0.8874464062778523,,160.0
42,gcn_homogeneous,val,entity,0.568731441332959,0.8545454545454545,0.5272727272727272,0.5818181818181818,0.5165096158294906,0.18146718146718147,0.8380935569285084,0.3474362324232526,0.28457435037752327,570.0,55.0,0.09649122807017543,105.0,0.9042180453342663,21250.0,
42,gcn_homogeneous,val,all,0.22635548580279666,0.8545454545454545,0.3090909090909091,0.5272727272727272,0.425340150612031,0.11576354679802955,0.7798561151079137,0.44495199975654015,0.37139040563199494,750.0,55.0,0.07333333333333333,105.0,0.9042180453342663,21250.0,
42,gcn_homogeneous,test,entity,0.555775134641385,0.8888888888888888,0.46296296296296297,0.6851851851851852,0.5286098418608149,0.1867704280155642,0.8637191066302596,0.3405922663098615,0.2750437194541648,583.0,54.0,0.09262435677530018,105.0,0.9042180453342663,21250.0,
42,gcn_homogeneous,test,all,0.25284308561118923,0.8888888888888888,0.25925925925925924,0.48148148148148145,0.4389689319112776,0.12151898734177215,0.8098525968497233,0.4333338623980102,0.3572853709731739,750.0,54.0,0.072,105.0,0.9042180453342663,21250.0,
43,rgcn,val,entity,0.46948544839076783,0.7804878048780488,0.4634146341463415,0.6097560975609756,0.454018954018954,0.1198501872659176,0.7604596622889306,0.40664272127109913,0.36906366623376413,561.0,41.0,0.07308377896613191,85.0,0.9539561459314743,144130.0,
43,rgcn,val,all,0.4467660523329522,0.7804878048780488,0.4146341463414634,0.5121951219512195,0.45347766172612075,0.09815950920245399,0.7590216381712476,0.432239730436936,0.3586806348035849,750.0,41.0,0.05466666666666667,85.0,0.9539561459314743,144130.0,
43,rgcn,test,entity,0.4556136557325617,0.8108108108108109,0.5135135135135135,0.6216216216216216,0.4554216867469879,0.11406844106463879,0.7585483210483212,0.40825833191755695,0.3618702074425533,565.0,37.0,0.06548672566371681,85.0,0.9539561459314743,144130.0,
43,rgcn,test,all,0.4352575273980816,0.8108108108108109,0.4594594594594595,0.6216216216216216,0.45568608155483115,0.09433962264150944,0.7599787726014936,0.4300379568197338,0.3507134893952184,750.0,37.0,0.04933333333333333,85.0,0.9539561459314743,144130.0,
43,rule_based,val,entity,0.11276177478005416,0.8048780487804879,0.0975609756097561,0.24390243902439024,0.413810541972669,0.10784313725490197,0.6676829268292683,0.4862745098384519,0.3776916222898507,561.0,41.0,0.07308377896613191,,,,
43,rule_based,val,all,0.08699914975966763,0.8048780487804879,0.0975609756097561,0.24390243902439024,0.37656894225048765,0.07746478873239436,0.6643675393030376,0.5095333338777225,0.3851900008177759,750.0,41.0,0.05466666666666667,,,,
43,rule_based,test,entity,0.10505537535223822,0.7837837837837838,0.21621621621621623,0.2702702702702703,0.39232028467155944,0.09177215189873418,0.6318847256347256,0.5013274343667832,0.37406637208546173,565.0,37.0,0.06548672566371681,,,,
43,rule_based,test,all,0.08103801611045938,0.7837837837837838,0.21621621621621623,0.24324324324324326,0.35355392156862747,0.0654627539503386,0.6289943519957544,0.522133334428072,0.3825666677256427,750.0,37.0,0.04933333333333333,,,,
43,mlp,val,entity,0.18845201499673406,0.5121951219512195,0.24390243902439024,0.3170731707317073,0.4213153985806239,0.08366533864541832,0.5666979362101313,0.4132995522064746,0.3008579794644656,561.0,41.0,0.07308377896613191,155.0,0.8430799851147724,4866.0,
43,mlp,val,all,0.13402372913096405,0.5121951219512195,0.21951219512195122,0.2926829268292683,0.3890387770337577,0.058333333333333334,0.541711101173071,0.4546253045921525,0.3280835807344938,750.0,41.0,0.05466666666666667,155.0,0.8430799851147724,4866.0,
43,mlp,test,entity,0.08906240526129097,0.5135135135135135,0.10810810810810811,0.21621621621621623,0.438484339535025,0.08260869565217391,0.5230855855855856,0.3842121747924031,0.2865275902187084,565.0,37.0,0.06548672566371681,155.0,0.8430799851147724,4866.0,
43,mlp,test,all,0.059710222079364265,0.5135135135135135,0.08108108108108109,0.16216216216216217,0.3994628824364447,0.05588235294117647,0.48823016564952054,0.43519386645530667,0.32009071878196693,750.0,37.0,0.04933333333333333,155.0,0.8430799851147724,4866.0,
43,xgb_graph,val,entity,0.2676897269330262,0.8048780487804879,0.2926829268292683,0.43902439024390244,0.44820032525422737,0.11956521739130435,0.751360225140713,0.411538001717651,0.3299351486157884,561.0,41.0,0.07308377896613191,70.0,0.933629135709391,,160.0
43,xgb_graph,val,all,0.26048572685353205,0.8048780487804879,0.2926829268292683,0.43902439024390244,0.453873499196627,0.1,0.7788365612852179,0.39949634491155545,0.2927974483868641,750.0,41.0,0.05466666666666667,70.0,0.933629135709391,,160.0
43,xgb_graph,test,entity,0.16390326191602,0.7297297297297297,0.2702702702702703,0.43243243243243246,0.4602233616046658,0.10975609756097561,0.7191339066339066,0.37707090830117207,0.2971646482496983,565.0,37.0,0.06548672566371681,70.0,0.933629135709391,,160.0
43,xgb_graph,test,all,0.15599975703204869,0.7297297297297297,0.2702702702702703,0.43243243243243246,0.46464586161517313,0.09246575342465753,0.7371593192070051,0.3737009792625904,0.2670628834870114,750.0,37.0,0.04933333333333333,70.0,0.933629135709391,,160.0
43,gcn_homogeneous,val,entity,0.479292945664514,0.7560975609756098,0.4634146341463415,0.6097560975609756,0.46987732095490714,0.12449799196787148,0.7782833020637899,0.37182753150763626,0.2970654544887577,561.0,41.0,0.07308377896613191,20.0,0.9264796983349085,21250.0,
43,gcn_homogeneous,val,all,0.27601681422066415,0.7560975609756098,0.34146341463414637,0.4878048780487805,0.39853828547648773,0.0792838874680307,0.7370738587498711,0.45324453050242547,0.3618181202347796,750.0,41.0,0.05466666666666667,20.0,0.9264796983349085,21250.0,
43,gcn_homogeneous,test,entity,0.5708478402838131,0.8108108108108109,0.5675675675675675,0.6216216216216216,0.4654288979270855,0.11811023622047244,0.7882882882882883,0.3748080734888285,0.28386979390986067,565.0,37.0,0.06548672566371681,20.0,0.9264796983349085,21250.0,
43,gcn_homogeneous,test,all,0.36286991385186085,0.8108108108108109,0.5135135135135135,0.5675675675675675,0.3913215694969765,0.075,0.7588415905386453,0.4560765028223007,0.3517250195410891,750.0,37.0,0.04933333333333333,20.0,0.9264796983349085,21250.0,
44,rgcn,val,entity,0.134600855014892,0.5277777777777778,0.1111111111111111,0.3611111111111111,0.4068717979268438,0.06985294117647059,0.5593160850381066,0.4406350776356956,0.3802736856963135,590.0,36.0,0.061016949152542375,98.0,0.8602910084322211,144130.0,
44,rgcn,val,all,0.11696443720153861,0.5277777777777778,0.05555555555555555,0.25,0.41438477253083994,0.059375,0.5362589480236539,0.451937672500276,0.36763456394351474,750.0,36.0,0.048,98.0,0.8602910084322211,144130.0,
44,rgcn,test,entity,0.08573667638748497,0.5263157894736842,0.15789473684210525,0.2631578947368421,0.37156714950514513,0.03663003663003663,0.5543215837759536,0.4483290652820041,0.3880839223136985,564.0,19.0,0.03368794326241135,98.0,0.8602910084322211,144130.0,
44,rgcn,test,all,0.049072801788937095,0.5263157894736842,0.15789473684210525,0.15789473684210525,0.3760640767683021,0.028985507246376812,0.5379796961624307,0.4685048143041338,0.38240804989240373,750.0,19.0,0.025333333333333333,98.0,0.8602910084322211,144130.0,
44,rule_based,val,entity,0.07472879245509612,0.6388888888888888,0.1111111111111111,0.16666666666666666,0.3906404834680177,0.07516339869281045,0.5551795026073004,0.4608474583696511,0.3471101694622284,590.0,36.0,0.061016949152542375,,,,
44,rule_based,val,all,0.05950201237415158,0.6388888888888888,0.1111111111111111,0.16666666666666666,0.37100664874071637,0.05778894472361809,0.5519568938686586,0.4758000007867813,0.34669666688362766,750.0,36.0,0.048,,,,
44,rule_based,test,entity,0.03500908331045715,0.631578947368421,0.10526315789473684,0.10526315789473684,0.3619909502262444,0.040955631399317405,0.5258329309512313,0.47898936321866425,0.35718528497937735,564.0,19.0,0.03368794326241135,,,,
44,rule_based,test,all,0.026551616081104703,0.631578947368421,0.10526315789473684,0.10526315789473684,0.34242828084449745,0.02962962962962963,0.5221038231694146,0.4912000017861525,0.3530066684480509,750.0,19.0,0.025333333333333333,,,,
44,mlp,val,entity,0.0536517097170309,0.3055555555555556,0.027777777777777776,0.05555555555555555,0.37697053809832703,0.041353383458646614,0.4361211391897313,0.4144195564975173,0.3028813832046139,590.0,36.0,0.061016949152542375,111.0,0.7425008576156877,4866.0,
44,mlp,val,all,0.0410423328142365,0.3055555555555556,0.027777777777777776,0.027777777777777776,0.35906982072283633,0.03064066852367688,0.41238717709305944,0.4440110148588816,0.3162513357502731,750.0,36.0,0.048,111.0,0.7425008576156877,4866.0,
44,mlp,test,entity,0.041367589501329544,0.6842105263157895,0.10526315789473684,0.21052631578947367,0.3644970969811734,0.04406779661016949,0.5697730564944471,0.46560943034867236,0.3202679130869963,564.0,19.0,0.03368794326241135,111.0,0.7425008576156877,4866.0,
44,mlp,test,all,0.028129046164074897,0.6842105263157895,0.0,0.15789473684210525,0.3299069953455127,0.03044496487119438,0.5320037439700482,0.506040998702248,0.354151944508281,750.0,19.0,0.025333333333333333,111.0,0.7425008576156877,4866.0,
44,xgb_graph,val,entity,0.08984088352890382,0.5,0.1111111111111111,0.2777777777777778,0.41281444112701193,0.06896551724137931,0.5782691536301644,0.38952452644697877,0.33808979958168184,590.0,36.0,0.061016949152542375,175.0,0.829692263998315,,160.0
44,xgb_graph,val,all,0.08165748087179313,0.5,0.1111111111111111,0.2777777777777778,0.4289044289044289,0.061224489795918366,0.5858232181761593,0.36661995062076796,0.29518122741752306,750.0,36.0,0.048,175.0,0.829692263998315,,160.0
44,xgb_graph,test,entity,0.11551510178402503,0.7894736842105263,0.15789473684210525,0.3684210526315789,0.4166468314933505,0.06,0.6337035248672139,0.4026477353948504,0.3302479544416861,564.0,19.0,0.03368794326241135,175.0,0.829692263998315,,160.0
44,xgb_graph,test,all,0.1112269422052287,0.7894736842105263,0.15789473684210525,0.3684210526315789,0.4239936440677966,0.04983388704318937,0.6587947296421629,0.38640391455272527,0.2907080757105176,750.0,19.0,0.025333333333333333,175.0,0.829692263998315,,160.0
44,gcn_homogeneous,val,entity,0.08920822569577969,0.4722222222222222,0.1388888888888889,0.2777777777777778,0.4064589114680414,0.06463878326996197,0.5658844765342961,0.389286314125569,0.314237022981136,590.0,36.0,0.061016949152542375,87.0,0.8386107731666249,21250.0,
44,gcn_homogeneous,val,all,0.05469893025980847,0.4722222222222222,0.05555555555555555,0.1388888888888889,0.3610473320286445,0.04415584415584416,0.5190242763772175,0.4485492197207871,0.3570731405574353,750.0,36.0,0.048,87.0,0.8386107731666249,21250.0,
44,gcn_homogeneous,test,entity,0.048993518975501804,0.5263157894736842,0.10526315789473684,0.10526315789473684,0.36883227867418156,0.036231884057971016,0.5251569290197972,0.4201656750155849,0.33592060208307295,564.0,19.0,0.03368794326241135,87.0,0.8386107731666249,21250.0,
44,gcn_homogeneous,test,all,0.025031626108596536,0.5263157894736842,0.05263157894736842,0.10526315789473684,0.32674030366111195,0.023923444976076555,0.4729642162862697,0.48670875606588015,0.3895254602038138,750.0,19.0,0.025333333333333333,87.0,0.8386107731666249,21250.0,
45,rgcn,val,entity,0.5194012343722205,0.6666666666666666,0.47058823529411764,0.5490196078431373,0.45893879190394904,0.12546125461254612,0.7403676019210631,0.394868092309956,0.3565853836047168,594.0,51.0,0.08585858585858586,77.0,0.9135724509544809,144130.0,
45,rgcn,val,all,0.4318537070283281,0.6666666666666666,0.4117647058823529,0.5294117647058824,0.44777016018755944,0.10240963855421686,0.7140733260400011,0.4291639973145199,0.36162854099641634,750.0,51.0,0.068,77.0,0.9135724509544809,144130.0,
45,rgcn,test,entity,0.41108001919435,0.7692307692307693,0.48717948717948717,0.5897435897435898,0.4583061725918869,0.11764705882352941,0.7684839432412248,0.3989793809593659,0.34606734691200725,554.0,39.0,0.0703971119133574,77.0,0.9135724509544809,144130.0,
45,rgcn,test,all,0.2868995343428794,0.7692307692307693,0.358974358974359,0.5384615384615384,0.43609022556390975,0.08797653958944282,0.7473042662916081,0.44140711895417917,0.3538088335569141,750.0,39.0,0.052,77.0,0.9135724509544809,144130.0,
45,rule_based,val,entity,0.1488963262417029,0.7450980392156863,0.21568627450980393,0.3333333333333333,0.4185575950281833,0.11764705882352941,0.6494601523850794,0.45353535330706984,0.3564309760732483,594.0,51.0,0.08585858585858586,,,,
45,rule_based,val,all,0.11837038630566366,0.7450980392156863,0.21568627450980393,0.3333333333333333,0.3887454890964575,0.09047619047619047,0.6446323880052736,0.476400000333786,0.3647866670139632,750.0,51.0,0.068,,,,
45,rule_based,test,entity,0.14754106886734947,0.8461538461538461,0.358974358974359,0.38461538461538464,0.41399305978327045,0.10819672131147541,0.7216828478964402,0.47003610122827844,0.35004512646138036,554.0,39.0,0.0703971119133574,,,,
45,rule_based,test,all,0.11375820599799741,0.8461538461538461,0.358974358974359,0.358974358974359,0.37656894225048765,0.07710280373831775,0.7171733564138627,0.4934000005622704,0.3597900006886324,750.0,39.0,0.052,,,,
45,mlp,val,entity,0.19859863932214164,0.5686274509803921,0.17647058823529413,0.21568627450980393,0.3960911267775207,0.0932475884244373,0.5473224280504099,0.41548976668717985,0.3139020131753566,594.0,51.0,0.08585858585858586,109.0,0.7867840188483799,4866.0,
45,mlp,val,all,0.16946346001246004,0.5686274509803921,0.1568627450980392,0.19607843137254902,0.36574723390992675,0.07004830917874397,0.5245308423798705,0.4510355690295497,0.33730780844383623,750.0,51.0,0.068,109.0,0.7867840188483799,4866.0,
45,mlp,test,entity,0.24355545250508776,0.5384615384615384,0.28205128205128205,0.3076923076923077,0.37208549222797926,0.0707070707070707,0.5538959422454568,0.4195232506528739,0.31560938583573717,554.0,39.0,0.0703971119133574,109.0,0.7867840188483799,4866.0,
45,mlp,test,all,0.15836206980190518,0.5384615384615384,0.2564102564102564,0.28205128205128205,0.3539092205323194,0.05134474327628362,0.536333802156587,0.4572018491812051,0.3394821070779693,750.0,39.0,0.052,109.0,0.7867840188483799,4866.0,
45,xgb_graph,val,entity,0.27966748989698975,0.6274509803921569,0.2549019607843137,0.37254901960784315,0.4525345622119815,0.11895910780669144,0.6744664716715415,0.3641560047744188,0.3192133900676663,594.0,51.0,0.08585858585858586,79.0,0.8852717905578964,,160.0
45,xgb_graph,val,all,0.2692598926356,0.6274509803921569,0.2549019607843137,0.37254901960784315,0.45507211393398106,0.10191082802547771,0.6818143566439452,0.3604161074080815,0.28768875044546693,750.0,51.0,0.068,79.0,0.8852717905578964,,160.0
45,xgb_graph,test,entity,0.24987107853548893,0.6923076923076923,0.3333333333333333,0.41025641025641024,0.4521765332495852,0.10887096774193548,0.6828478964401294,0.3873795218268134,0.3202080038317897,554.0,39.0,0.0703971119133574,79.0,0.8852717905578964,,160.0
45,xgb_graph,test,all,0.24105788733335465,0.6923076923076923,0.3333333333333333,0.41025641025641024,0.4599961565562744,0.09121621621621621,0.6994121677665981,0.37080385187516607,0.27590147873777693,750.0,39.0,0.052,79.0,0.8852717905578964,,160.0
45,gcn_homogeneous,val,entity,0.452468912106322,0.7058823529411765,0.37254901960784315,0.5098039215686274,0.4358974358974359,0.12,0.7074712021088362,0.4275306739441024,0.36873807454296204,594.0,51.0,0.08585858585858586,184.0,0.9233047518564892,21250.0,
45,gcn_homogeneous,val,all,0.16404808495135914,0.7058823529411765,0.29411764705882354,0.37254901960784315,0.3775244840369612,0.08450704225352113,0.6560212067659682,0.49947586479931905,0.43849100613549097,750.0,51.0,0.068,184.0,0.9233047518564892,21250.0,
45,gcn_homogeneous,test,entity,0.49034066015072436,0.7948717948717948,0.4358974358974359,0.5384615384615384,0.4388918913509077,0.11231884057971014,0.760318645755539,0.4315638924896271,0.3657209336141803,554.0,39.0,0.0703971119133574,184.0,0.9233047518564892,21250.0,
45,gcn_homogeneous,test,all,0.1335896237521215,0.7948717948717948,0.28205128205128205,0.41025641025641024,0.35554314153674266,0.06950672645739911,0.6896750694219049,0.5357900101086387,0.4715937986658908,750.0,39.0,0.052,184.0,0.9233047518564892,21250.0,
46,rgcn,val,entity,0.7663505721977075,0.9130434782608695,0.5507246376811594,0.7971014492753623,0.552209540532631,0.23247232472324722,0.9042844382977498,0.34791653255038146,0.3044638285488337,572.0,69.0,0.12062937062937062,103.0,0.9430207629885664,144130.0,
46,rgcn,val,all,0.5602707241240658,0.9130434782608695,0.463768115942029,0.6086956521739131,0.5310333578011581,0.1891891891891892,0.8768115942028986,0.3899849068484579,0.32199766570727884,750.0,69.0,0.092,103.0,0.9430207629885664,144130.0,
46,rgcn,test,entity,0.696582106314296,0.9047619047619048,0.5714285714285714,0.7619047619047619,0.5569485294117648,0.22178988326848248,0.9034847655537311,0.33094044811416823,0.28219059514142897,585.0,63.0,0.1076923076923077,103.0,0.9430207629885664,144130.0,
46,rgcn,test,all,0.5080732020531352,0.9047619047619048,0.42857142857142855,0.6825396825396826,0.5369534863840579,0.1832797427652733,0.8822462512418844,0.3689613086558734,0.2964342434537988,750.0,63.0,0.084,103.0,0.9430207629885664,144130.0,
46,rule_based,val,entity,0.2815967881928675,0.9130434782608695,0.2753623188405797,0.43478260869565216,0.5178895022967677,0.21212121212121213,0.7797706514535971,0.411888111916768,0.31324300730301374,572.0,69.0,0.12062937062937062,,,,
46,rule_based,val,all,0.2133744261582019,0.9130434782608695,0.2753623188405797,0.4057971014492754,0.45211483673022135,0.1510791366906475,0.76274234395284,0.4622000005741914,0.3486766676231226,750.0,69.0,0.092,,,,
46,rule_based,test,entity,0.24772401572952604,0.8888888888888888,0.2222222222222222,0.4603174603174603,0.4938089792705148,0.18421052631578946,0.7869610168460743,0.4125641034709082,0.3095512831975253,585.0,63.0,0.1076923076923077,,,,
46,rule_based,test,all,0.19422464704333747,0.8888888888888888,0.2222222222222222,0.4126984126984127,0.441730204554988,0.1362530413625304,0.7759293916499157,0.45126666766405105,0.33333000125805545,750.0,63.0,0.084,,,,
46,mlp,val,entity,0.30785441086831095,0.6956521739130435,0.2463768115942029,0.4057971014492754,0.4869842936518353,0.17582417582417584,0.6840118708041605,0.3548922535533515,0.27284171124036677,572.0,69.0,0.12062937062937062,98.0,0.8085670541328087,4866.0,
46,mlp,val,all,0.2255850323510722,0.6956521739130435,0.18840579710144928,0.3333333333333333,0.42408746399249553,0.12090680100755667,0.6533231181765946,0.4112566898241639,0.3067038333607849,750.0,69.0,0.092,98.0,0.8085670541328087,4866.0,
46,mlp,test,entity,0.26952919170860595,0.7619047619047619,0.20634920634920634,0.3492063492063492,0.4882213438735178,0.1702127659574468,0.6715015508118956,0.3749279980094005,0.2832386058773883,585.0,63.0,0.1076923076923077,98.0,0.8085670541328087,4866.0,
46,mlp,test,all,0.21353866491361612,0.7619047619047619,0.1746031746031746,0.25396825396825395,0.42934782608695654,0.12090680100755667,0.6446939765717058,0.42313433058063193,0.31269246551675095,750.0,63.0,0.084,98.0,0.8085670541328087,4866.0,
46,xgb_graph,val,entity,0.5311005701522399,0.9130434782608695,0.43478260869565216,0.6376811594202898,0.557549504950495,0.23595505617977527,0.8542657100873022,0.3420919109546169,0.26773159210858655,572.0,69.0,0.12062937062937062,51.0,0.913720705865517,,160.0
46,xgb_graph,val,all,0.5239245734917505,0.9130434782608695,0.43478260869565216,0.6376811594202898,0.5406781846312533,0.19504643962848298,0.8695013726616868,0.3484259483292699,0.24748835873281186,750.0,69.0,0.092,51.0,0.913720705865517,,160.0
46,xgb_graph,test,entity,0.39671528058244093,0.9523809523809523,0.31746031746031744,0.6349206349206349,0.5711665051994887,0.234375,0.854983883719516,0.3326790593866991,0.24852340514576313,585.0,63.0,0.1076923076923077,51.0,0.913720705865517,,160.0
46,xgb_graph,test,all,0.3905993271594078,0.9523809523809523,0.31746031746031744,0.6349206349206349,0.5584290978870015,0.2,0.8746332108777524,0.3360458671090503,0.23027133628598587,750.0,63.0,0.084,51.0,0.913720705865517,,160.0
46,gcn_homogeneous,val,entity,0.8244216325633105,0.927536231884058,0.6666666666666666,0.8260869565217391,0.5457170912031422,0.22939068100358423,0.9188348171838534,0.36735125323963436,0.3171699806128641,572.0,69.0,0.12062937062937062,151.0,0.9347886514438567,21250.0,
46,gcn_homogeneous,val,all,0.41138285463067886,0.927536231884058,0.37681159420289856,0.6666666666666666,0.4344519939039878,0.14578587699316628,0.8645214837515164,0.48835352329185183,0.43977341702728034,750.0,69.0,0.092,151.0,0.9347886514438567,21250.0,
46,gcn_homogeneous,test,entity,0.8037871776956481,0.9047619047619048,0.6825396825396826,0.8095238095238095,0.5189547038327527,0.1986062717770035,0.9102657665876057,0.3768677725518907,0.3262851501730177,585.0,63.0,0.1076923076923077,151.0,0.9347886514438567,21250.0,
46,gcn_homogeneous,test,all,0.40899101481295774,0.9047619047619048,0.36507936507936506,0.6825396825396826,0.4182348237555609,0.12954545454545455,0.8578591067674036,0.49161302541868174,0.4406124203801636,750.0,63.0,0.084,151.0,0.9347886514438567,21250.0,
47,rgcn,val,entity,0.5970849608718635,0.8113207547169812,0.5094339622641509,0.6415094339622641,0.5062624795788709,0.17338709677419356,0.832571187026861,0.35033020499448614,0.30335365697987166,544.0,53.0,0.0974264705882353,121.0,0.913060703316507,144130.0,
47,rgcn,val,all,0.5746100184035214,0.8113207547169812,0.49056603773584906,0.6226415094339622,0.4801861963678596,0.13069908814589665,0.8215803578679517,0.3939451461661756,0.308130230122724,750.0,53.0,0.07066666666666667,121.0,0.913060703316507,144130.0,
47,rgcn,test,entity,0.5191845135144263,0.8245614035087719,0.47368421052631576,0.6491228070175439,0.5065877288268752,0.18076923076923077,0.8200248094984937,0.36929602606562817,0.3234127665311998,552.0,57.0,0.10326086956521739,121.0,0.913060703316507,144130.0,
47,rgcn,test,all,0.5033146254302304,0.8245614035087719,0.45614035087719296,0.6140350877192983,0.49512008049932094,0.14506172839506173,0.8207640312903469,0.39923458196130873,0.31355265389975445,750.0,57.0,0.076,121.0,0.913060703316507,144130.0,
47,rule_based,val,entity,0.19736559386474778,0.8867924528301887,0.2641509433962264,0.33962264150943394,0.4867514192052451,0.16967509025270758,0.7371171655842907,0.4120404421598377,0.310399817571811,544.0,53.0,0.0974264705882353,,,,
47,rule_based,val,all,0.1490864866581718,0.8867924528301887,0.2641509433962264,0.3018867924528302,0.42795597985063993,0.11604938271604938,0.7309899569583931,0.4520000007450581,0.3287933343652885,750.0,53.0,0.07066666666666667,,,,
47,rule_based,test,entity,0.15764822994014566,0.8421052631578947,0.10526315789473684,0.21052631578947367,0.44436701509872245,0.15384615384615385,0.6714867978025872,0.4342391301162434,0.3502626812360858,552.0,57.0,0.10326086956521739,,,,
47,rule_based,test,all,0.1194691369797973,0.8421052631578947,0.10526315789473684,0.17543859649122806,0.4117647058823529,0.11347517730496454,0.6709197235513025,0.4640666665931543,0.35770333356340733,750.0,57.0,0.076,,,,
47,mlp,val,entity,0.2653482668096701,0.6037735849056604,0.22641509433962265,0.32075471698113206,0.4687408175611442,0.1350210970464135,0.652346001613957,0.3932574882774668,0.27989244696008847,544.0,53.0,0.0974264705882353,75.0,0.7999278721022327,4866.0,
47,mlp,val,all,0.2016074925995064,0.6037735849056604,0.20754716981132076,0.2641509433962264,0.4240984317409843,0.09116809116809117,0.6183644189383071,0.4447674809495608,0.31038046558610644,750.0,53.0,0.07066666666666667,75.0,0.7999278721022327,4866.0,
47,mlp,test,entity,0.19874268833984143,0.543859649122807,0.19298245614035087,0.2982456140350877,0.4380831673607339,0.12015503875968993,0.5627857522594364,0.41250448657766636,0.31494597291093746,552.0,57.0,0.10326086956521739,75.0,0.7999278721022327,4866.0,
47,mlp,test,all,0.1336018977775489,0.543859649122807,0.14035087719298245,0.2807017543859649,0.39694451889573845,0.08222811671087533,0.5352522720943773,0.4624228374958038,0.3414760750749971,750.0,57.0,0.076,75.0,0.7999278721022327,4866.0,
47,xgb_graph,val,entity,0.3291172787562531,0.8867924528301887,0.3584905660377358,0.5471698113207547,0.5233136174443489,0.18875502008032127,0.8099373631018715,0.3632580330307813,0.3146777815599335,544.0,53.0,0.0974264705882353,258.0,0.9064790451405959,,160.0
47,xgb_graph,val,all,0.31868829189713377,0.8867924528301887,0.3584905660377358,0.5471698113207547,0.516604542079299,0.15460526315789475,0.832516715844184,0.34756818036383874,0.2804419207915152,750.0,53.0,0.07066666666666667,258.0,0.9064790451405959,,160.0
47,xgb_graph,test,entity,0.28191533392473,0.8596491228070176,0.24561403508771928,0.47368421052631576,0.5193420946545191,0.19066147859922178,0.7773524720893142,0.35760108013652125,0.31716067449785845,552.0,57.0,0.10326086956521739,258.0,0.9064790451405959,,160.0
47,xgb_graph,test,all,0.26610507930601635,0.8596491228070176,0.24561403508771928,0.47368421052631576,0.5221168939917338,0.16225165562913907,0.8036252246778562,0.34683029770952023,0.28309374862662595,750.0,57.0,0.076,258.0,0.9064790451405959,,160.0
47,gcn_homogeneous,val,entity,0.7008602239784031,0.8679245283018868,0.5660377358490566,0.7735849056603774,0.5345605392792325,0.1940928270042194,0.8703454636283289,0.33280059081678526,0.2800811053094588,544.0,53.0,0.0974264705882353,176.0,0.917480944882935,21250.0,
47,gcn_homogeneous,val,all,0.30629895310889127,0.8679245283018868,0.41509433962264153,0.5471698113207547,0.44644175138687175,0.12105263157894737,0.8179258818115374,0.4269412568882972,0.36514966401108323,750.0,53.0,0.07066666666666667,176.0,0.917480944882935,21250.0,
47,gcn_homogeneous,test,entity,0.6548159161296357,0.8947368421052632,0.543859649122807,0.7017543859649122,0.5308857808857809,0.2,0.8631578947368421,0.35631874235211225,0.3027723552381292,552.0,57.0,0.10326086956521739,176.0,0.917480944882935,21250.0,
47,gcn_homogeneous,test,all,0.27592271986328465,0.8947368421052632,0.3157894736842105,0.5263157894736842,0.43875418060200666,0.12655086848635236,0.8062454115085693,0.4516566198584633,0.38957687372084515,750.0,57.0,0.076,176.0,0.917480944882935,21250.0,
