seed,model,stage,confidence,accuracy,count
42,rgcn,before,0.0089341481338445,0.0,256
42,rgcn,before,0.14472158219326625,0.09090909090909091,22
42,rgcn,before,0.25140680686423655,0.05263157894736842,19
42,rgcn,before,0.3588791713118553,0.0,12
42,rgcn,before,0.4555456512852719,0.10526315789473684,19
42,rgcn,before,0.5548166449253376,0.0,13
42,rgcn,before,0.6529744646765969,0.18181818181818182,11
42,rgcn,before,0.749473702339899,0.047619047619047616,21
42,rgcn,before,0.8550613423188528,0.0,24
42,rgcn,before,0.9791216045938512,0.24731182795698925,186
42,rgcn,after,0.017438466286918634,0.0,228
42,rgcn,after,0.14626590322170938,0.0,28
42,rgcn,after,0.2488989972549936,0.08695652173913043,23
42,rgcn,after,0.34691987931728363,0.045454545454545456,22
42,rgcn,after,0.45698215232955086,0.07407407407407407,27
42,rgcn,after,0.5500728770306236,0.10526315789473684,19
42,rgcn,after,0.653534209728241,0.04,25
42,rgcn,after,0.7507134938240051,0.0,25
42,rgcn,after,0.8568496174282498,0.018518518518518517,54
42,rgcn,after,0.9649657887039762,0.3409090909090909,132
42,rule_based,before,0.0,0.0,75
42,rule_based,before,0.1333333378036817,0.0,27
42,rule_based,before,0.22243589907884598,0.02564102564102564,78
42,rule_based,before,0.3347457622067403,0.06779661016949153,59
42,rule_based,before,0.4319148881638304,0.0425531914893617,47
42,rule_based,before,0.5327868930629043,0.04918032786885246,61
42,rule_based,before,0.6522058827035567,0.22058823529411764,68
42,rule_based,before,0.75,0.07407407407407407,27
42,rule_based,before,0.8250000056098489,0.029411764705882353,34
42,rule_based,before,0.9878504643930452,0.2336448598130841,107
42,rule_based,after,0.0,0.0,75
42,rule_based,after,0.1333333378036817,0.0,27
42,rule_based,after,0.22243589907884598,0.02564102564102564,78
42,rule_based,after,0.3347457622067403,0.06779661016949153,59
42,rule_based,after,0.4319148881638304,0.0425531914893617,47
42,rule_based,after,0.5327868930629043,0.04918032786885246,61
42,rule_based,after,0.6522058827035567,0.22058823529411764,68
42,rule_based,after,0.75,0.07407407407407407,27
42,rule_based,after,0.8250000056098489,0.029411764705882353,34
42,rule_based,after,0.9878504643930452,0.2336448598130841,107
42,mlp,before,0.08898064068385533,0.0,7
42,mlp,before,0.15109909727847834,0.07194244604316546,139
42,mlp,before,0.23637599125504494,0.06666666666666667,60
42,mlp,before,0.35720263111094636,0.020833333333333332,48
42,mlp,before,0.4524514818346346,0.1038961038961039,77
42,mlp,before,0.5510349716459002,0.08571428571428572,70
42,mlp,before,0.6497723017189954,0.04054054054054054,74
42,mlp,before,0.7491698780575314,0.02702702702702703,37
42,mlp,before,0.8470664234722362,0.2647058823529412,34
42,mlp,before,0.9564103741903562,0.32432432432432434,37
42,mlp,after,0.08752161409291956,0.027777777777777776,36
42,mlp,after,0.14447929561138154,0.08148148148148149,135
42,mlp,after,0.2383585826652806,0.04878048780487805,41
42,mlp,after,0.35348203654090565,0.0625,48
42,mlp,after,0.4511735649176047,0.08450704225352113,71
42,mlp,after,0.5508822375728238,0.08064516129032258,62
42,mlp,after,0.6551702763583209,0.05405405405405406,74
42,mlp,after,0.749990028994424,0.02857142857142857,35
42,mlp,after,0.8468653791480594,0.19444444444444445,36
42,mlp,after,0.9578286740514967,0.3111111111111111,45
42,xgb_graph,before,0.02428760565106222,0.0,221
42,xgb_graph,before,0.14773762780122268,0.0,39
42,xgb_graph,before,0.24724961689540317,0.02857142857142857,35
42,xgb_graph,before,0.35048832947557623,0.09090909090909091,22
42,xgb_graph,before,0.45562747451994157,0.2222222222222222,27
42,xgb_graph,before,0.5481850721619346,0.045454545454545456,22
42,xgb_graph,before,0.6455989345427482,0.12903225806451613,31
42,xgb_graph,before,0.7515241996995334,0.0,29
42,xgb_graph,before,0.8578548984868186,0.21428571428571427,42
42,xgb_graph,before,0.9641193939291912,0.26956521739130435,115
42,xgb_graph,after,0.034089070561188324,0.0,194
42,xgb_graph,after,0.14186982208109916,0.0,47
42,xgb_graph,after,0.25172801315784454,0.023255813953488372,43
42,xgb_graph,after,0.34620903377179746,0.0,27
42,xgb_graph,after,0.455008044387355,0.24242424242424243,33
42,xgb_graph,after,0.552778406937917,0.03333333333333333,30
42,xgb_graph,after,0.6473875267165048,0.11428571428571428,35
42,xgb_graph,after,0.7493809999958161,0.0967741935483871,31
42,xgb_graph,after,0.849498872573559,0.17307692307692307,52
42,xgb_graph,after,0.9540330282934419,0.3076923076923077,91
42,gcn_homogeneous,before,0.018404179097405875,0.004651162790697674,215
42,gcn_homogeneous,before,0.14920354303386477,0.07407407407407407,27
42,gcn_homogeneous,before,0.24446881329640746,0.0,32
42,gcn_homogeneous,before,0.3389260447942294,0.038461538461538464,26
42,gcn_homogeneous,before,0.45322701105704677,0.07692307692307693,26
42,gcn_homogeneous,before,0.5418476943786328,0.07692307692307693,26
42,gcn_homogeneous,before,0.6435845937047686,0.05714285714285714,35
42,gcn_homogeneous,before,0.7615966672698656,0.125,24
42,gcn_homogeneous,before,0.8583162585894267,0.06666666666666667,45
42,gcn_homogeneous,before,0.9657075836902528,0.2992125984251969,127
42,gcn_homogeneous,after,0.023358584291184026,0.004739336492890996,211
42,gcn_homogeneous,after,0.14930035142848888,0.08333333333333333,24
42,gcn_homogeneous,after,0.2460329117196979,0.0,33
42,gcn_homogeneous,after,0.3447611965239048,0.03125,32
42,gcn_homogeneous,after,0.45772167237905353,0.07692307692307693,26
42,gcn_homogeneous,after,0.5471999087641316,0.06451612903225806,31
42,gcn_homogeneous,after,0.6423441171646118,0.058823529411764705,34
42,gcn_homogeneous,after,0.7621630110910961,0.10714285714285714,28
42,gcn_homogeneous,after,0.8519789327022641,0.06976744186046512,43
42,gcn_homogeneous,after,0.958295794557934,0.3140495867768595,121
43,rgcn,before,0.014985663116238316,0.030837004405286344,227
43,rgcn,before,0.14796130846326166,0.0,26
43,rgcn,before,0.24637009913013094,0.0,21
43,rgcn,before,0.3404444654782613,0.0,15
43,rgcn,before,0.4359777134198409,0.0,13
43,rgcn,before,0.5473566217855974,0.0,11
43,rgcn,before,0.6594673732052678,0.08695652173913043,23
43,rgcn,before,0.7474640257218305,0.058823529411764705,17
43,rgcn,before,0.8427564725279808,0.041666666666666664,24
43,rgcn,before,0.9742066143675053,0.13829787234042554,188
43,rgcn,after,0.016549593721054592,0.03398058252427184,206
43,rgcn,after,0.14574819930962155,0.0,35
43,rgcn,after,0.2488040518760681,0.0,25
43,rgcn,after,0.3430049660659972,0.0,21
43,rgcn,after,0.44317824840545655,0.0,15
43,rgcn,after,0.549403863293784,0.0,14
43,rgcn,after,0.6505203370390267,0.10344827586206896,29
43,rgcn,after,0.7517431199550628,0.05,20
43,rgcn,after,0.8609536080747038,0.0,37
43,rgcn,after,0.9662674526495436,0.15950920245398773,163
43,rule_based,before,0.0,0.16,25
43,rule_based,before,0.11666666964689891,0.0,9
43,rule_based,before,0.20404040677980942,0.010101010101010102,99
43,rule_based,before,0.3275000020861626,0.016666666666666666,60
43,rule_based,before,0.4437499903142452,0.03571428571428571,56
43,rule_based,before,0.5315789548974288,0.0,57
43,rule_based,before,0.6481012686898436,0.20253164556962025,79
43,rule_based,before,0.75,0.0,24
43,rule_based,before,0.8304347862368044,0.043478260869565216,46
43,rule_based,before,0.9890909064899791,0.1,110
43,rule_based,after,0.0,0.16,25
43,rule_based,after,0.11666666964689891,0.0,9
43,rule_based,after,0.20404040677980942,0.010101010101010102,99
43,rule_based,after,0.3275000020861626,0.016666666666666666,60
43,rule_based,after,0.4437499903142452,0.03571428571428571,56
43,rule_based,after,0.5315789548974288,0.0,57
43,rule_based,after,0.6481012686898436,0.20253164556962025,79
43,rule_based,after,0.75,0.0,24
43,rule_based,after,0.8304347862368044,0.043478260869565216,46
43,rule_based,after,0.9890909064899791,0.1,110
43,mlp,before,0.05803209276948596,0.07042253521126761,71
43,mlp,before,0.15251280408766535,0.09722222222222222,72
43,mlp,before,0.2468026476363613,0.0410958904109589,73
43,mlp,before,0.33646092414855955,0.02857142857142857,70
43,mlp,before,0.44733486430985586,0.02040816326530612,49
43,mlp,before,0.5478901059731193,0.043478260869565216,46
43,mlp,before,0.6460438504815101,0.1,40
43,mlp,before,0.7479105847222465,0.11904761904761904,42
43,mlp,before,0.8453497224383884,0.07407407407407407,54
43,mlp,before,0.9505237638950348,0.08333333333333333,48
43,mlp,after,0.05150022013999876,0.07142857142857142,84
43,mlp,after,0.15446061073314576,0.09523809523809523,84
43,mlp,after,0.25891954168467457,0.014084507042253521,71
43,mlp,after,0.34304937551606374,0.03773584905660377,53
43,mlp,after,0.4485018093918645,0.023255813953488372,43
43,mlp,after,0.5480289118630546,0.047619047619047616,42
43,mlp,after,0.6430581940544976,0.08333333333333333,36
43,mlp,after,0.7484079497616466,0.12195121951219512,41
43,mlp,after,0.8545529996526653,0.06896551724137931,58
43,mlp,after,0.9574399736692321,0.09433962264150944,53
43,xgb_graph,before,0.039487654343247414,0.03125,160
43,xgb_graph,before,0.13966867534650695,0.018518518518518517,54
43,xgb_graph,before,0.2562284086431776,0.023809523809523808,42
43,xgb_graph,before,0.3473514263276701,0.0,27
43,xgb_graph,before,0.45204315665695405,0.08333333333333333,36
43,xgb_graph,before,0.5481245219707489,0.07692307692307693,26
43,xgb_graph,before,0.6408607805928876,0.03225806451612903,31
43,xgb_graph,before,0.7559469163417816,0.1,40
43,xgb_graph,before,0.8586429577607375,0.1076923076923077,65
43,xgb_graph,before,0.9476631432771683,0.15476190476190477,84
43,xgb_graph,after,0.030183690468820325,0.026595744680851064,188
43,xgb_graph,after,0.13909369111061096,0.02857142857142857,35
43,xgb_graph,after,0.23532424680888653,0.025,40
43,xgb_graph,after,0.3410972473414048,0.0,23
43,xgb_graph,after,0.4472053628979307,0.09090909090909091,33
43,xgb_graph,after,0.5514502292094023,0.08695652173913043,23
43,xgb_graph,after,0.657040944022517,0.03225806451612903,31
43,xgb_graph,after,0.7596009345281691,0.0,21
43,xgb_graph,after,0.8551402528371129,0.125,56
43,xgb_graph,after,0.9563885704330776,0.14782608695652175,115
43,gcn_homogeneous,before,0.022966731557163358,0.03888888888888889,180
43,gcn_homogeneous,before,0.14830829293989553,0.0,41
43,gcn_homogeneous,before,0.24589045168388457,0.0,42
43,gcn_homogeneous,before,0.3488248987839772,0.0,26
43,gcn_homogeneous,before,0.44152939455075696,0.0,22
43,gcn_homogeneous,before,0.5493466234207154,0.0,25
43,gcn_homogeneous,before,0.6424053758382797,0.06818181818181818,44
43,gcn_homogeneous,before,0.755033008257548,0.022222222222222223,45
43,gcn_homogeneous,before,0.8597839690487961,0.08620689655172414,58
43,gcn_homogeneous,before,0.9495851521084948,0.25609756097560976,82
43,gcn_homogeneous,after,0.019667134112399166,0.03763440860215054,186
43,gcn_homogeneous,after,0.1462515519762581,0.0,44
43,gcn_homogeneous,after,0.24377652610603132,0.0,38
43,gcn_homogeneous,after,0.35042002408400824,0.0,23
43,gcn_homogeneous,after,0.44018458276987077,0.0,20
43,gcn_homogeneous,after,0.5468545908277685,0.0,22
43,gcn_homogeneous,after,0.6453096994331905,0.047619047619047616,42
43,gcn_homogeneous,after,0.7532381270382855,0.02702702702702703,37
43,gcn_homogeneous,after,0.8510344691996304,0.07547169811320754,53
43,gcn_homogeneous,after,0.951706970334053,0.23,100
44,rgcn,before,0.014462803127035347,0.033816425120772944,207
44,rgcn,before,0.15076676433285077,0.0,30
44,rgcn,before,0.26288106217980384,0.05,20
44,rgcn,before,0.33625725470483303,0.0,16
44,rgcn,before,0.428653543194135,0.05555555555555555,18
44,rgcn,before,0.5514977633953094,0.0,20
44,rgcn,before,0.6510639695020822,0.0,26
44,rgcn,before,0.7421800585893484,0.0,26
44,rgcn,before,0.860516159158004,0.05263157894736842,38
44,rgcn,before,0.9694538343172132,0.049079754601226995,163
44,rgcn,after,0.023921549702121583,0.029940119760479042,167
44,rgcn,after,0.14432983715087175,0.05,40
44,rgcn,after,0.25324423213799796,0.0,30
44,rgcn,after,0.3562967417568996,0.034482758620689655,29
44,rgcn,after,0.44353885531425474,0.04,25
44,rgcn,after,0.5515002117437475,0.0,34
44,rgcn,after,0.6438831139255214,0.0,37
44,rgcn,after,0.7580375031727117,0.04878048780487805,41
44,rgcn,after,0.8508293646754641,0.045454545454545456,66
44,rgcn,after,0.9521469260516919,0.05263157894736842,95
44,rule_based,before,0.0,0.04285714285714286,70
44,rule_based,before,0.12428571794714247,0.0,35
44,rule_based,before,0.21885246087293156,0.01639344262295082,61
44,rule_based,before,0.33636363527991553,0.030303030303030304,66
44,rule_based,before,0.44358973396130097,0.02564102564102564,39
44,rule_based,before,0.5296610240208901,0.05084745762711865,59
44,rule_based,before,0.637500007947286,0.06666666666666667,60
44,rule_based,before,0.75,0.03333333333333333,30
44,rule_based,before,0.8250000057397066,0.037037037037037035,54
44,rule_based,before,0.9933333317438762,0.022222222222222223,90
44,rule_based,after,0.0,0.04285714285714286,70
44,rule_based,after,0.12428571794714247,0.0,35
44,rule_based,after,0.21885246087293156,0.01639344262295082,61
44,rule_based,after,0.33636363527991553,0.030303030303030304,66
44,rule_based,after,0.44358973396130097,0.02564102564102564,39
44,rule_based,after,0.5296610240208901,0.05084745762711865,59
44,rule_based,after,0.637500007947286,0.06666666666666667,60
44,rule_based,after,0.75,0.03333333333333333,30
44,rule_based,after,0.8250000057397066,0.037037037037037035,54
44,rule_based,after,0.9933333317438762,0.022222222222222223,90
44,mlp,before,0.05722180136332387,0.02631578947368421,38
44,mlp,before,0.15359267847318397,0.013157894736842105,76
44,mlp,before,0.2298671542964083,0.02127659574468085,47
44,mlp,before,0.34644505652514374,0.01818181818181818,55
44,mlp,before,0.45824945310376725,0.03773584905660377,53
44,mlp,before,0.5479057675752884,0.05128205128205128,78
44,mlp,before,0.6466232101832118,0.05357142857142857,56
44,mlp,before,0.7523749326214646,0.030303030303030304,66
44,mlp,before,0.8452359108214683,0.0425531914893617,47
44,mlp,before,0.9433418400585651,0.041666666666666664,48
44,mlp,after,0.056244195340887496,0.02631578947368421,38
44,mlp,after,0.1521347674884294,0.013157894736842105,76
44,mlp,after,0.22991562572618326,0.020833333333333332,48
44,mlp,after,0.3463543659007108,0.018518518518518517,54
44,mlp,after,0.4579726868080643,0.03773584905660377,53
44,mlp,after,0.54822277258604,0.05128205128205128,78
44,mlp,after,0.6465663281354037,0.05454545454545454,55
44,mlp,after,0.7515046697396498,0.03076923076923077,65
44,mlp,after,0.8448006875660955,0.04081632653061224,49
44,mlp,after,0.9442942639191946,0.041666666666666664,48
44,xgb_graph,before,0.025840654411538964,0.020202020202020204,198
44,xgb_graph,before,0.14132048698460184,0.0,41
44,xgb_graph,before,0.24665401643142104,0.0,32
44,xgb_graph,before,0.3528169929981232,0.0,20
44,xgb_graph,before,0.4481455217237058,0.0,23
44,xgb_graph,before,0.5475605970079248,0.13636363636363635,22
44,xgb_graph,before,0.6461678985506296,0.03125,32
44,xgb_graph,before,0.751907314023664,0.03225806451612903,31
44,xgb_graph,before,0.8516377099724703,0.06976744186046512,43
44,xgb_graph,before,0.9612529810334816,0.05737704918032787,122
44,xgb_graph,after,0.04417683413050261,0.024096385542168676,166
44,xgb_graph,after,0.1525750278818364,0.0,49
44,xgb_graph,after,0.2456415613230906,0.0,38
44,xgb_graph,after,0.3471140759065747,0.0,32
44,xgb_graph,after,0.45171537173205406,0.0,29
44,xgb_graph,after,0.5527652881362222,0.12121212121212122,33
44,xgb_graph,after,0.6441539165220762,0.0,38
44,xgb_graph,after,0.7506278001126789,0.07142857142857142,42
44,xgb_graph,after,0.8573670649932603,0.05084745762711865,59
44,xgb_graph,after,0.9464915272517082,0.0641025641025641,78
44,gcn_homogeneous,before,0.016656314239051225,0.027777777777777776,180
44,gcn_homogeneous,before,0.1548758162693544,0.06060606060606061,33
44,gcn_homogeneous,before,0.24030115306377411,0.0,30
44,gcn_homogeneous,before,0.34436899248291464,0.0,17
44,gcn_homogeneous,before,0.4485617982489722,0.07142857142857142,28
44,gcn_homogeneous,before,0.5456567793279081,0.02702702702702703,37
44,gcn_homogeneous,before,0.6481852008371937,0.061224489795918366,49
44,gcn_homogeneous,before,0.7494189252978877,0.0,38
44,gcn_homogeneous,before,0.8468385338783264,0.06779661016949153,59
44,gcn_homogeneous,before,0.9445792385326919,0.021505376344086023,93
44,gcn_homogeneous,after,0.019830189145704936,0.01875,160
44,gcn_homogeneous,after,0.14205034302942682,0.09090909090909091,33
44,gcn_homogeneous,after,0.2523418054348085,0.024390243902439025,41
44,gcn_homogeneous,after,0.35100332856178285,0.0,25
44,gcn_homogeneous,after,0.457592341406592,0.06896551724137931,29
44,gcn_homogeneous,after,0.5479600049079733,0.0425531914893617,47
44,gcn_homogeneous,after,0.6415804592045871,0.03636363636363636,55
44,gcn_homogeneous,after,0.7572808803104963,0.04918032786885246,61
44,gcn_homogeneous,after,0.8631718888211606,0.014925373134328358,67
44,gcn_homogeneous,after,0.9365814600301825,0.043478260869565216,46
45,rgcn,before,0.014235347011739568,0.03015075376884422,199
45,rgcn,before,0.1496323489172514,0.023255813953488372,43
45,rgcn,before,0.2545145336877216,0.09090909090909091,22
45,rgcn,before,0.35312513614955704,0.0,19
45,rgcn,before,0.44436354003846645,0.0,16
45,rgcn,before,0.5446166212742145,0.07692307692307693,13
45,rgcn,before,0.6476008866144263,0.0,23
45,rgcn,before,0.7545298624038697,0.08,25
45,rgcn,before,0.859106570482254,0.047619047619047616,42
45,rgcn,before,0.9743035996430799,0.16447368421052633,152
45,rgcn,after,0.022227314152053104,0.03389830508474576,177
45,rgcn,after,0.15187954051154,0.02857142857142857,35
45,rgcn,after,0.2473661239082749,0.02702702702702703,37
45,rgcn,after,0.3498757161475994,0.037037037037037035,27
45,rgcn,after,0.44800550393436267,0.0,23
45,rgcn,after,0.5523526583399091,0.047619047619047616,21
45,rgcn,after,0.6489711942211274,0.03225806451612903,31
45,rgcn,after,0.7587231447299322,0.05555555555555555,36
45,rgcn,after,0.8500105547904968,0.02,50
45,rgcn,after,0.9648642499222715,0.21367521367521367,117
45,rule_based,before,0.0,0.022727272727272728,44
45,rule_based,before,0.12826087358205215,0.0,23
45,rule_based,before,0.21867470066231418,0.012048192771084338,83
45,rule_based,before,0.33404255293785257,0.0,47
45,rule_based,before,0.43846153066708493,0.07692307692307693,52
45,rule_based,before,0.5412280800049765,0.07017543859649122,57
45,rule_based,before,0.6507142841815948,0.12857142857142856,70
45,rule_based,before,0.75,0.0,25
45,rule_based,before,0.8406779665057942,0.0847457627118644,59
45,rule_based,before,0.9898936146117271,0.1595744680851064,94
45,rule_based,after,0.0,0.022727272727272728,44
45,rule_based,after,0.12826087358205215,0.0,23
45,rule_based,after,0.21867470066231418,0.012048192771084338,83
45,rule_based,after,0.33404255293785257,0.0,47
45,rule_based,after,0.43846153066708493,0.07692307692307693,52
45,rule_based,after,0.5412280800049765,0.07017543859649122,57
45,rule_based,after,0.6507142841815948,0.12857142857142856,70
45,rule_based,after,0.75,0.0,25
45,rule_based,after,0.8406779665057942,0.0847457627118644,59
45,rule_based,after,0.9898936146117271,0.1595744680851064,94
45,mlp,before,0.05644490072668037,0.058823529411764705,68
45,mlp,before,0.1495301862483594,0.08955223880597014,67
45,mlp,before,0.25717796577561286,0.0967741935483871,31
45,mlp,before,0.34198211914017085,0.07936507936507936,63
45,mlp,before,0.46159401323114124,0.0,28
45,mlp,before,0.5455846922439441,0.03508771929824561,57
45,mlp,before,0.6541578557299471,0.034482758620689655,87
45,mlp,before,0.7493234379217029,0.078125,64
45,mlp,before,0.8499712087891319,0.0,55
45,mlp,before,0.9434826882446513,0.3235294117647059,34
45,mlp,after,0.05653675297146727,0.05172413793103448,58
45,mlp,after,0.14644067077075734,0.07352941176470588,68
45,mlp,after,0.24589805134705134,0.11428571428571428,35
45,mlp,after,0.345950809033478,0.08823529411764706,68
45,mlp,after,0.4634468300001962,0.0,28
45,mlp,after,0.5461085190375646,0.03333333333333333,60
45,mlp,after,0.653010769382767,0.03260869565217391,92
45,mlp,after,0.750290205401759,0.08064516129032258,62
45,mlp,after,0.8490008965686515,0.018518518518518517,54
45,mlp,after,0.9433751743415306,0.3448275862068966,29
45,xgb_graph,before,0.03746917642032107,0.041666666666666664,168
45,xgb_graph,before,0.15196600649505854,0.0,40
45,xgb_graph,before,0.2554124405278879,0.11764705882352941,34
45,xgb_graph,before,0.35492396727204323,0.03125,32
45,xgb_graph,before,0.445761919952929,0.0,32
45,xgb_graph,before,0.5507424880157817,0.13636363636363635,22
45,xgb_graph,before,0.6596368730068207,0.0,30
45,xgb_graph,before,0.7483305045076318,0.10810810810810811,37
45,xgb_graph,before,0.8526418251650674,0.07142857142857142,56
45,xgb_graph,before,0.9531733330013683,0.1553398058252427,103
45,xgb_graph,after,0.03766665959811229,0.043209876543209874,162
45,xgb_graph,after,0.1436218312237321,0.0,41
45,xgb_graph,after,0.2515186675285038,0.10526315789473684,38
45,xgb_graph,after,0.35188905795415243,0.03333333333333333,30
45,xgb_graph,after,0.44309541753360204,0.0,35
45,xgb_graph,after,0.5495732968503778,0.13636363636363635,22
45,xgb_graph,after,0.6561847031116486,0.0,30
45,xgb_graph,after,0.7449247429245397,0.10526315789473684,38
45,xgb_graph,after,0.8525644948085149,0.06666666666666667,60
45,xgb_graph,after,0.9528227557941359,0.16326530612244897,98
45,gcn_homogeneous,before,0.019857248590063627,0.03888888888888889,180
45,gcn_homogeneous,before,0.13758241810968944,0.0,28
45,gcn_homogeneous,before,0.24944023728370668,0.04,25
45,gcn_homogeneous,before,0.3444263268084753,0.0,21
45,gcn_homogeneous,before,0.44847087810436886,0.0,24
45,gcn_homogeneous,before,0.5530116309722265,0.041666666666666664,24
45,gcn_homogeneous,before,0.6521357837177458,0.0,21
45,gcn_homogeneous,before,0.7613731997984426,0.07407407407407407,27
45,gcn_homogeneous,before,0.857923531283935,0.08333333333333333,48
45,gcn_homogeneous,before,0.9671256225078534,0.15384615384615385,156
45,gcn_homogeneous,after,0.02142516022000724,0.03529411764705882,170
45,gcn_homogeneous,after,0.1450215836779939,0.027777777777777776,36
45,gcn_homogeneous,after,0.25606528940525924,0.045454545454545456,22
45,gcn_homogeneous,after,0.3471175003051758,0.0,25
45,gcn_homogeneous,after,0.4517776024341583,0.0,25
45,gcn_homogeneous,after,0.5514897979222811,0.038461538461538464,26
45,gcn_homogeneous,after,0.6504067908162656,0.0,23
45,gcn_homogeneous,after,0.7572763235338272,0.0967741935483871,31
45,gcn_homogeneous,after,0.855961713525984,0.07407407407407407,54
45,gcn_homogeneous,after,0.9628937517253446,0.1619718309859155,142
46,rgcn,before,0.013122103041358876,0.012552301255230125,239
46,rgcn,before,0.13919084259997244,0.0,23
46,rgcn,before,0.24659341459090894,0.038461538461538464,26
46,rgcn,before,0.366931377351284,0.05,20
46,rgcn,before,0.460905621945858,0.05,20
46,rgcn,before,0.5435574028802954,0.0,23
46,rgcn,before,0.6597352939493516,0.0,17
46,rgcn,before,0.7356454616501218,0.09523809523809523,21
46,rgcn,before,0.8540140688419342,0.0625,32
46,rgcn,before,0.9804883915476683,0.3231707317073171,164
46,rgcn,after,0.020094276803835985,0.013333333333333334,225
46,rgcn,after,0.14794140643086925,0.0,29
46,rgcn,after,0.2583914672334989,0.041666666666666664,24
46,rgcn,after,0.34642888605594635,0.0,20
46,rgcn,after,0.44904263218243917,0.06666666666666667,30
46,rgcn,after,0.5410507092109094,0.0,26
46,rgcn,after,0.6592859995776209,0.06896551724137931,29
46,rgcn,after,0.7605638666586443,0.045454545454545456,22
46,rgcn,after,0.8586001576799335,0.06060606060606061,33
46,rgcn,after,0.9716741077753962,0.35374149659863946,147
46,rule_based,before,0.0,0.014925373134328358,67
46,rule_based,before,0.13181818615306506,0.0,33
46,rule_based,before,0.2192307710647583,0.0,78
46,rule_based,before,0.33454545411196623,0.01818181818181818,55
46,rule_based,before,0.43229166107873124,0.10416666666666667,48
46,rule_based,before,0.5375000089406967,0.038461538461538464,52
46,rule_based,before,0.6576923076923077,0.2,65
46,rule_based,before,0.75,0.10344827586206896,29
46,rule_based,before,0.8178571505205972,0.11904761904761904,42
46,rule_based,before,0.9909482737039698,0.28448275862068967,116
46,rule_based,after,0.0,0.014925373134328358,67
46,rule_based,after,0.13181818615306506,0.0,33
46,rule_based,after,0.2192307710647583,0.0,78
46,rule_based,after,0.33454545411196623,0.01818181818181818,55
46,rule_based,after,0.43229166107873124,0.10416666666666667,48
46,rule_based,after,0.5375000089406967,0.038461538461538464,52
46,rule_based,after,0.6576923076923077,0.2,65
46,rule_based,after,0.75,0.10344827586206896,29
46,rule_based,after,0.8178571505205972,0.11904761904761904,42
46,rule_based,after,0.9909482737039698,0.28448275862068967,116
46,mlp,before,0.06304677544122046,0.06382978723404255,47
46,mlp,before,0.15704459400431622,0.04854368932038835,103
46,mlp,before,0.24307977468580813,0.08108108108108109,37
46,mlp,before,0.3640660706066316,0.06451612903225806,62
46,mlp,before,0.44599679829897704,0.0,54
46,mlp,before,0.5501319632601382,0.13432835820895522,67
46,mlp,before,0.6478751259937621,0.19298245614035087,57
46,mlp,before,0.7460480439662933,0.08,50
46,mlp,before,0.8493973827752911,0.18032786885245902,61
46,mlp,before,0.9482392059995773,0.2765957446808511,47
46,mlp,after,0.05968179721005109,0.061224489795918366,49
46,mlp,after,0.15230911805366093,0.0673076923076923,104
46,mlp,after,0.23999991487054265,0.029411764705882353,34
46,mlp,after,0.3622039606173833,0.06060606060606061,66
46,mlp,after,0.44789777755737303,0.0,50
46,mlp,after,0.5494278240948915,0.140625,64
46,mlp,after,0.649849937359492,0.18333333333333332,60
46,mlp,after,0.7470251109864977,0.06666666666666667,45
46,mlp,after,0.8499317301644219,0.19047619047619047,63
46,mlp,after,0.9494861209392548,0.26,50
46,xgb_graph,before,0.04740528230237343,0.006097560975609756,164
46,xgb_graph,before,0.1392343338917602,0.015151515151515152,66
46,xgb_graph,before,0.24131978513338628,0.02564102564102564,39
46,xgb_graph,before,0.35065457305392705,0.0,37
46,xgb_graph,before,0.44896611960037897,0.0,23
46,xgb_graph,before,0.5499629709455702,0.2222222222222222,27
46,xgb_graph,before,0.6555522130085871,0.07692307692307693,39
46,xgb_graph,before,0.7567895227862943,0.1935483870967742,31
46,xgb_graph,before,0.8574401869702695,0.11940298507462686,67
46,xgb_graph,before,0.9414880606143371,0.40217391304347827,92
46,xgb_graph,after,0.0391998056608897,0.005128205128205128,195
46,xgb_graph,after,0.1436184162602705,0.0392156862745098,51
46,xgb_graph,after,0.23529066546605185,0.0,26
46,xgb_graph,after,0.33818670715156357,0.0,38
46,xgb_graph,after,0.4513686801257886,0.0,19
46,xgb_graph,after,0.5518988966941833,0.20833333333333334,24
46,xgb_graph,after,0.6564776043097178,0.06666666666666667,30
46,xgb_graph,after,0.7439312849725995,0.14285714285714285,28
46,xgb_graph,after,0.8579389578417728,0.10526315789473684,57
46,xgb_graph,after,0.9521048573347238,0.36752136752136755,117
46,gcn_homogeneous,before,0.014409999583745907,0.018018018018018018,222
46,gcn_homogeneous,before,0.1424504742026329,0.09090909090909091,22
46,gcn_homogeneous,before,0.25572400689125063,0.0,10
46,gcn_homogeneous,before,0.34618833920230035,0.0,23
46,gcn_homogeneous,before,0.43480829965500606,0.0,21
46,gcn_homogeneous,before,0.5551624610310509,0.0,21
46,gcn_homogeneous,before,0.6519495065395648,0.0,13
46,gcn_homogeneous,before,0.7393374592065811,0.1,20
46,gcn_homogeneous,before,0.8600512641541501,0.02127659574468085,47
46,gcn_homogeneous,before,0.9706413784334736,0.2903225806451613,186
46,gcn_homogeneous,after,0.02238083485061251,0.014563106796116505,206
46,gcn_homogeneous,after,0.14860672734934707,0.034482758620689655,29
46,gcn_homogeneous,after,0.2444166254538756,0.15384615384615385,13
46,gcn_homogeneous,after,0.36130683541297914,0.0,25
46,gcn_homogeneous,after,0.44282895684242246,0.0,25
46,gcn_homogeneous,after,0.548338957130909,0.0,24
46,gcn_homogeneous,after,0.6498097266469683,0.0,21
46,gcn_homogeneous,after,0.7502966141700744,0.08,25
46,gcn_homogeneous,after,0.8525006396648211,0.038461538461538464,78
46,gcn_homogeneous,after,0.9698240126637246,0.37410071942446044,139
47,rgcn,before,0.01219900781263648,0.03153153153153153,222
47,rgcn,before,0.14266862720251083,0.0,22
47,rgcn,before,0.24829026725557116,0.0,18
47,rgcn,before,0.3397820373376211,0.13333333333333333,15
47,rgcn,before,0.445859295129776,0.06666666666666667,15
47,rgcn,before,0.5495988527933756,0.0,12
47,rgcn,before,0.6392007648944855,0.1,20
47,rgcn,before,0.7502690601348877,0.04,25
47,rgcn,before,0.8468053087592124,0.025,40
47,rgcn,before,0.9702999456528506,0.26380368098159507,163
47,rgcn,after,0.01847931155410101,0.02857142857142857,210
47,rgcn,after,0.14810168483982916,0.043478260869565216,23
47,rgcn,after,0.25481567888156226,0.0,23
47,rgcn,after,0.3487766236066818,0.1111111111111111,18
47,rgcn,after,0.4506189823150635,0.05555555555555555,18
47,rgcn,after,0.5611979554999958,0.045454545454545456,22
47,rgcn,after,0.6560432769003368,0.047619047619047616,21
47,rgcn,after,0.7569622810070331,0.05128205128205128,39
47,rgcn,after,0.8523663961610128,0.046511627906976744,43
47,rgcn,after,0.9597153893223516,0.3037037037037037,135
47,rule_based,before,0.0,0.02702702702702703,74
47,rule_based,before,0.12333333690961203,0.0,30
47,rule_based,before,0.22444444596767427,0.022222222222222223,45
47,rule_based,before,0.3358695643103641,0.0,46
47,rule_based,before,0.43666665951410927,0.13333333333333333,45
47,rule_based,before,0.5325757653424235,0.07575757575757576,66
47,rule_based,before,0.6594594563986804,0.2972972972972973,74
47,rule_based,before,0.75,0.0,20
47,rule_based,before,0.8524390240994896,0.17073170731707318,41
47,rule_based,before,0.9900900877273835,0.12612612612612611,111
47,rule_based,after,0.0,0.02702702702702703,74
47,rule_based,after,0.12333333690961203,0.0,30
47,rule_based,after,0.22444444596767427,0.022222222222222223,45
47,rule_based,after,0.3358695643103641,0.0,46
47,rule_based,after,0.43666665951410927,0.13333333333333333,45
47,rule_based,after,0.5325757653424235,0.07575757575757576,66
47,rule_based,after,0.6594594563986804,0.2972972972972973,74
47,rule_based,after,0.75,0.0,20
47,rule_based,after,0.8524390240994896,0.17073170731707318,41
47,rule_based,after,0.9900900877273835,0.12612612612612611,111
47,mlp,before,0.16487066384325635,0.06382978723404255,47
47,mlp,before,0.24664343799415386,0.07368421052631578,95
47,mlp,before,0.34694872351435874,0.12987012987012986,77
47,mlp,before,0.44565863251686094,0.08,75
47,mlp,before,0.5538985170423985,0.20833333333333334,48
47,mlp,before,0.6491979566904215,0.038461538461538464,52
47,mlp,before,0.7457470606480326,0.03571428571428571,56
47,mlp,before,0.8542006225497635,0.1111111111111111,54
47,mlp,before,0.9406018344064554,0.22916666666666666,48
47,mlp,after,0.08288041463023738,0.05263157894736842,19
47,mlp,after,0.1517375171854255,0.0898876404494382,89
47,mlp,after,0.24796394069989522,0.08,75
47,mlp,after,0.35261726126832477,0.1016949152542373,59
47,mlp,after,0.44686846091197086,0.09615384615384616,52
47,mlp,after,0.5519421154802496,0.30303030303030304,33
47,mlp,after,0.6475229609844296,0.023255813953488372,43
47,mlp,after,0.7534775269031525,0.02,50
47,mlp,after,0.8506201667090257,0.0625,48
47,mlp,after,0.954265214857601,0.19047619047619047,84
47,xgb_graph,before,0.020240212964426522,0.019801980198019802,202
47,xgb_graph,before,0.1414877520326306,0.058823529411764705,34
47,xgb_graph,before,0.24816331840478456,0.0,26
47,xgb_graph,before,0.3523595134417216,0.0,15
47,xgb_graph,before,0.4492940968937344,0.1111111111111111,18
47,xgb_graph,before,0.5474838217099508,0.1111111111111111,18
47,xgb_graph,before,0.6493787003888024,0.0,18
47,xgb_graph,before,0.7621078888575236,0.16666666666666666,24
47,xgb_graph,before,0.8548036064857092,0.15384615384615385,39
47,xgb_graph,before,0.9651917818980881,0.23417721518987342,158
47,xgb_graph,after,0.029193642760966778,0.021621621621621623,185
47,xgb_graph,after,0.1516130296956925,0.047619047619047616,42
47,xgb_graph,after,0.252648772050937,0.0,24
47,xgb_graph,after,0.3429474166848443,0.0,22
47,xgb_graph,after,0.44897236878221686,0.09090909090909091,22
47,xgb_graph,after,0.5429212927818299,0.1,20
47,xgb_graph,after,0.6439990374174985,0.045454545454545456,22
47,xgb_graph,after,0.750040263898911,0.1935483870967742,31
47,xgb_graph,after,0.8574388642780116,0.16393442622950818,61
47,xgb_graph,after,0.9571812492075974,0.24390243902439024,123
47,gcn_homogeneous,before,0.013989382850130336,0.02358490566037736,212
47,gcn_homogeneous,before,0.14890455892857382,0.0,34
47,gcn_homogeneous,before,0.2439483322880485,0.0,22
47,gcn_homogeneous,before,0.34658896923065186,0.0,20
47,gcn_homogeneous,before,0.4649806684917874,0.1111111111111111,9
47,gcn_homogeneous,before,0.5452441848241366,0.07692307692307693,13
47,gcn_homogeneous,before,0.6397913644711176,0.0,12
47,gcn_homogeneous,before,0.7574848103523254,0.04,25
47,gcn_homogeneous,before,0.8572938493613539,0.08620689655172414,58
47,gcn_homogeneous,before,0.9638206593844355,0.29931972789115646,147
47,gcn_homogeneous,after,0.021061990672052045,0.019417475728155338,206
47,gcn_homogeneous,after,0.1534346267580986,0.038461538461538464,26
47,gcn_homogeneous,after,0.2510130051523447,0.0,32
47,gcn_homogeneous,after,0.35108793526887894,0.0,20
47,gcn_homogeneous,after,0.4515446378634526,0.07692307692307693,13
47,gcn_homogeneous,after,0.5546968296954506,0.05263157894736842,19
47,gcn_homogeneous,after,0.6651231646537781,0.0,11
47,gcn_homogeneous,after,0.7515797679488724,0.10810810810810811,37
47,gcn_homogeneous,after,0.8548075838221444,0.06944444444444445,72
47,gcn_homogeneous,after,0.9591109901666641,0.35344827586206895,116
