condition,scope,auprc,recall,recall_at_50,recall_at_100,macro_f1,precision,roc_auc,ece,brier,n,n_pos,pos_rate,repeat_seed,best_epoch,val_auprc_weak,n_supervised,budget,n_annotations_used,n_annotations_positive,seed,annotation_source,annotation_manifest,is_fixture
A2_feedback_langsung,entity,0.6558828646630351,0.9074074074074074,0.5370370370370371,0.6851851851851852,0.5479626436449063,0.2,0.8983406847300988,0.3178802229408765,0.26979122534061356,583.0,54.0,0.09262435677530018,42,126,0.9193536510556304,7,10,7,4,42,data\synthetic\seed_42\human_annotations_majority.csv,data\synthetic\seed_42\sample_manifest_merged.json,False
A2_feedback_langsung,all,0.5692350958052592,0.9074074074074074,0.48148148148148145,0.6111111111111112,0.5211988304093567,0.16013071895424835,0.8826628352490421,0.3578436994052665,0.2900814199719055,750.0,54.0,0.072,42,126,0.9193536510556304,7,10,7,4,42,data\synthetic\seed_42\human_annotations_majority.csv,data\synthetic\seed_42\sample_manifest_merged.json,False
A2_feedback_langsung,entity,0.6052797723042579,0.8518518518518519,0.5185185185185185,0.6481481481481481,0.5518688890216461,0.19913419913419914,0.868129944689491,0.28780499375371904,0.25651514444863227,583.0,54.0,0.09262435677530018,43,108,0.9180409371668202,7,10,7,4,42,data\synthetic\seed_42\human_annotations_majority.csv,data\synthetic\seed_42\sample_manifest_merged.json,False
A2_feedback_langsung,all,0.5474537375380225,0.8518518518518519,0.46296296296296297,0.5740740740740741,0.532093765341188,0.16312056737588654,0.8553639846743295,0.3175563674339601,0.26225479353286724,750.0,54.0,0.072,43,108,0.9180409371668202,7,10,7,4,42,data\synthetic\seed_42\human_annotations_majority.csv,data\synthetic\seed_42\sample_manifest_merged.json,False
A2_feedback_langsung,entity,0.6426830423125383,0.8703703703703703,0.5185185185185185,0.7037037037037037,0.5851302586646119,0.22488038277511962,0.9013512567387804,0.25862425924956733,0.21965949004728014,583.0,54.0,0.09262435677530018,44,105,0.9224155972838645,7,10,7,4,42,data\synthetic\seed_42\human_annotations_majority.csv,data\synthetic\seed_42\sample_manifest_merged.json,False
A2_feedback_langsung,all,0.562120756780494,0.8703703703703703,0.46296296296296297,0.5740740740740741,0.557910376253933,0.18146718146718147,0.8785653469561516,0.30950599423149455,0.24357841477574957,750.0,54.0,0.072,44,105,0.9224155972838645,7,10,7,4,42,data\synthetic\seed_42\human_annotations_majority.csv,data\synthetic\seed_42\sample_manifest_merged.json,False
A2_feedback_langsung,entity,0.6163182482919815,0.8703703703703703,0.5185185185185185,0.6111111111111112,0.5489405989199804,0.19831223628691982,0.874991248337184,0.31183826682612503,0.2750224554746645,583.0,54.0,0.09262435677530018,45,91,0.9247481288071377,7,10,7,4,42,data\synthetic\seed_42\human_annotations_majority.csv,data\synthetic\seed_42\sample_manifest_merged.json,False
A2_feedback_langsung,all,0.546833550986012,0.8703703703703703,0.48148148148148145,0.5740740740740741,0.5275738753999624,0.16151202749140894,0.8616698595146871,0.33309995087003175,0.28169290760700394,750.0,54.0,0.072,45,91,0.9247481288071377,7,10,7,4,42,data\synthetic\seed_42\human_annotations_majority.csv,data\synthetic\seed_42\sample_manifest_merged.json,False
A2_feedback_langsung,entity,0.6416907319940316,0.9074074074074074,0.5370370370370371,0.6851851851851852,0.5342327404280977,0.19140625,0.8979556115661976,0.33423497713130956,0.2889400738631893,583.0,54.0,0.09262435677530018,46,117,0.9182257241117314,7,10,7,4,42,data\synthetic\seed_42\human_annotations_majority.csv,data\synthetic\seed_42\sample_manifest_merged.json,False
A2_feedback_langsung,all,0.5501481546898586,0.9074074074074074,0.48148148148148145,0.6296296296296297,0.520281921012503,0.15960912052117263,0.8873323754789272,0.3663727286357677,0.2971402960232738,750.0,54.0,0.072,46,117,0.9182257241117314,7,10,7,4,42,data\synthetic\seed_42\human_annotations_majority.csv,data\synthetic\seed_42\sample_manifest_merged.json,False
A3_feedback_propagasi,entity,0.6478218431730952,0.8888888888888888,0.5555555555555556,0.6666666666666666,0.5573272589217919,0.20512820512820512,0.8917944409437794,0.30762723201943665,0.2599243883323048,583.0,54.0,0.09262435677530018,42,126,0.9178092314800526,19,10,7,4,42,data\synthetic\seed_42\human_annotations_majority.csv,data\synthetic\seed_42\sample_manifest_merged.json,False
A3_feedback_propagasi,all,0.5568883126769871,0.8888888888888888,0.48148148148148145,0.6111111111111112,0.5276313856892847,0.16271186440677965,0.8758514261387824,0.34986145636392396,0.2818441805432972,750.0,54.0,0.072,42,126,0.9178092314800526,19,10,7,4,42,data\synthetic\seed_42\human_annotations_majority.csv,data\synthetic\seed_42\sample_manifest_merged.json,False
A3_feedback_propagasi,entity,0.5972003866466529,0.8703703703703703,0.5,0.5925925925925926,0.5389668753592328,0.19183673469387755,0.8687600644122384,0.32468882403645816,0.2891922255262677,583.0,54.0,0.09262435677530018,43,108,0.9201926071201377,19,10,7,4,42,data\synthetic\seed_42\human_annotations_majority.csv,data\synthetic\seed_42\sample_manifest_merged.json,False
A3_feedback_propagasi,all,0.5580533597143821,0.8703703703703703,0.46296296296296297,0.5370370370370371,0.5238972464457219,0.15932203389830507,0.8647296722009365,0.34237908343149537,0.2872419727395453,750.0,54.0,0.072,43,108,0.9201926071201377,19,10,7,4,42,data\synthetic\seed_42\human_annotations_majority.csv,data\synthetic\seed_42\sample_manifest_merged.json,False
A3_feedback_propagasi,entity,0.6251655980465196,0.8703703703703703,0.5,0.6851851851851852,0.5719372079954387,0.2146118721461187,0.8880837359098229,0.27768877806580694,0.24191889891842813,583.0,54.0,0.09262435677530018,44,105,0.9223168783050716,19,10,7,4,42,data\synthetic\seed_42\human_annotations_majority.csv,data\synthetic\seed_42\sample_manifest_merged.json,False
A3_feedback_propagasi,all,0.5338277528716362,0.8703703703703703,0.46296296296296297,0.5925925925925926,0.5472726127488032,0.17407407407407408,0.8638516389953171,0.32665794669430254,0.26309624123903963,750.0,54.0,0.072,44,105,0.9223168783050716,19,10,7,4,42,data\synthetic\seed_42\human_annotations_majority.csv,data\synthetic\seed_42\sample_manifest_merged.json,False
A3_feedback_propagasi,entity,0.6346813687862926,0.8703703703703703,0.5185185185185185,0.6666666666666666,0.5402066000680419,0.19262295081967212,0.8905166981726529,0.327213903293357,0.2826795327887934,583.0,54.0,0.09262435677530018,45,92,0.9230569282621958,19,10,7,4,42,data\synthetic\seed_42\human_annotations_majority.csv,data\synthetic\seed_42\sample_manifest_merged.json,False
A3_feedback_propagasi,all,0.583297680891229,0.8703703703703703,0.5,0.6111111111111112,0.5211533892936332,0.15771812080536912,0.8856029161345254,0.3433815505667217,0.285128494972553,750.0,54.0,0.072,45,92,0.9230569282621958,19,10,7,4,42,data\synthetic\seed_42\human_annotations_majority.csv,data\synthetic\seed_42\sample_manifest_merged.json,False
A3_feedback_propagasi,entity,0.6486940773194066,0.9074074074074074,0.5185185185185185,0.6481481481481481,0.5479626436449063,0.2,0.8977805783098789,0.3261402546363058,0.2782707653958305,583.0,54.0,0.09262435677530018,46,117,0.9169612867969147,19,10,7,4,42,data\synthetic\seed_42\human_annotations_majority.csv,data\synthetic\seed_42\sample_manifest_merged.json,False
A3_feedback_propagasi,all,0.5905421646027841,0.9074074074074074,0.48148148148148145,0.6296296296296297,0.5313655249328477,0.16610169491525423,0.8901660280970626,0.35635146557493225,0.2850909684813356,750.0,54.0,0.072,46,117,0.9169612867969147,19,10,7,4,42,data\synthetic\seed_42\human_annotations_majority.csv,data\synthetic\seed_42\sample_manifest_merged.json,False
A2_feedback_langsung,entity,0.6577657277618031,0.9259259259259259,0.5555555555555556,0.6851851851851852,0.5486647657591366,0.20161290322580644,0.8991808443604286,0.3249762349115485,0.2831810680698052,583.0,54.0,0.09262435677530018,42,162,0.917069023397597,18,25,18,12,42,data\synthetic\seed_42\human_annotations_majority.csv,data\synthetic\seed_42\sample_manifest_merged.json,False
A2_feedback_langsung,all,0.5778415602398637,0.9259259259259259,0.48148148148148145,0.6111111111111112,0.5202462132641361,0.1607717041800643,0.8864942528735633,0.36280642502435456,0.30176458190629674,750.0,54.0,0.072,42,162,0.917069023397597,18,25,18,12,42,data\synthetic\seed_42\human_annotations_majority.csv,data\synthetic\seed_42\sample_manifest_merged.json,False
A2_feedback_langsung,entity,0.6229479882064853,0.8703703703703703,0.5,0.6666666666666666,0.5565127347312664,0.20346320346320346,0.8862633900441084,0.2915697433105637,0.2556795670776703,583.0,54.0,0.09262435677530018,43,108,0.9185521509937811,18,25,18,12,42,data\synthetic\seed_42\human_annotations_majority.csv,data\synthetic\seed_42\sample_manifest_merged.json,False
A2_feedback_langsung,all,0.5705351766182418,0.8703703703703703,0.48148148148148145,0.6111111111111112,0.5396827034164053,0.16906474820143885,0.8791507024265646,0.3097834842890556,0.2558725680191656,750.0,54.0,0.072,43,108,0.9185521509937811,18,25,18,12,42,data\synthetic\seed_42\human_annotations_majority.csv,data\synthetic\seed_42\sample_manifest_merged.json,False
A2_feedback_langsung,entity,0.6255410466657921,0.8888888888888888,0.5185185185185185,0.6666666666666666,0.5484753546478818,0.1991701244813278,0.8906742281033396,0.31889072975187727,0.2831929897180026,583.0,54.0,0.09262435677530018,44,104,0.9218987940945351,18,25,18,12,42,data\synthetic\seed_42\human_annotations_majority.csv,data\synthetic\seed_42\sample_manifest_merged.json,False
A2_feedback_langsung,all,0.5393521519586771,0.8888888888888888,0.48148148148148145,0.5740740740740741,0.529482042835255,0.16382252559726962,0.8724457215836526,0.3584273685879199,0.2964825167436447,750.0,54.0,0.072,44,104,0.9218987940945351,18,25,18,12,42,data\synthetic\seed_42\human_annotations_majority.csv,data\synthetic\seed_42\sample_manifest_merged.json,False
A2_feedback_langsung,entity,0.6184987769389143,0.8888888888888888,0.5185185185185185,0.6111111111111112,0.5273824536119618,0.18604651162790697,0.8779318070433382,0.336529526513891,0.2938788713624258,583.0,54.0,0.09262435677530018,45,91,0.9208147760351509,18,25,18,12,42,data\synthetic\seed_42\human_annotations_majority.csv,data\synthetic\seed_42\sample_manifest_merged.json,False
A2_feedback_langsung,all,0.5450425329903138,0.8888888888888888,0.48148148148148145,0.5925925925925926,0.5111961925009199,0.15335463258785942,0.868348233290762,0.353412113487271,0.2983505201835387,750.0,54.0,0.072,45,91,0.9208147760351509,18,25,18,12,42,data\synthetic\seed_42\human_annotations_majority.csv,data\synthetic\seed_42\sample_manifest_merged.json,False
A2_feedback_langsung,entity,0.6174884316997906,0.9444444444444444,0.5185185185185185,0.6481481481481481,0.5169528013459486,0.18411552346570398,0.881327452215921,0.37226142734252465,0.3296368251505498,583.0,54.0,0.09262435677530018,46,110,0.913231215387336,18,25,18,12,42,data\synthetic\seed_42\human_annotations_majority.csv,data\synthetic\seed_42\sample_manifest_merged.json,False
A2_feedback_langsung,all,0.5192082193588581,0.9444444444444444,0.46296296296296297,0.5925925925925926,0.5091933883599671,0.1559633027522936,0.8731907194550873,0.39001259261341176,0.32587809597228956,750.0,54.0,0.072,46,110,0.913231215387336,18,25,18,12,42,data\synthetic\seed_42\human_annotations_majority.csv,data\synthetic\seed_42\sample_manifest_merged.json,False
A3_feedback_propagasi,entity,0.6860718224044765,0.9444444444444444,0.5555555555555556,0.7407407407407407,0.5569584119305798,0.20816326530612245,0.9128334383532871,0.3081296251985879,0.2543909523544608,583.0,54.0,0.09262435677530018,42,118,0.9110282015229798,73,25,18,12,42,data\synthetic\seed_42\human_annotations_majority.csv,data\synthetic\seed_42\sample_manifest_merged.json,False
A3_feedback_propagasi,all,0.6071682870468266,0.9444444444444444,0.5,0.6481481481481481,0.5322444409523062,0.16887417218543047,0.8990527884206044,0.3492507005921689,0.2726969541591791,750.0,54.0,0.072,42,118,0.9110282015229798,73,25,18,12,42,data\synthetic\seed_42\human_annotations_majority.csv,data\synthetic\seed_42\sample_manifest_merged.json,False
A3_feedback_propagasi,entity,0.6261359094732465,0.9074074074074074,0.5370370370370371,0.6666666666666666,0.5555516460832952,0.20502092050209206,0.8957501925365821,0.30921942759792004,0.25088151574668754,583.0,54.0,0.09262435677530018,43,56,0.9116477692387581,73,25,18,12,42,data\synthetic\seed_42\human_annotations_majority.csv,data\synthetic\seed_42\sample_manifest_merged.json,False
A3_feedback_propagasi,all,0.5761902909111115,0.9074074074074074,0.5,0.6111111111111112,0.5332311899042967,0.16723549488054607,0.8843124733929332,0.3396630840297131,0.2606473543035146,750.0,54.0,0.072,43,56,0.9116477692387581,73,25,18,12,42,data\synthetic\seed_42\human_annotations_majority.csv,data\synthetic\seed_42\sample_manifest_merged.json,False
A3_feedback_propagasi,entity,0.6096884424574218,0.9074074074074074,0.5185185185185185,0.6666666666666666,0.5658004261505069,0.21212121212121213,0.8873135895820206,0.2992831750735834,0.2489834148082716,583.0,54.0,0.09262435677530018,44,79,0.915796385324144,73,25,18,12,42,data\synthetic\seed_42\human_annotations_majority.csv,data\synthetic\seed_42\sample_manifest_merged.json,False
A3_feedback_propagasi,all,0.4995305922935161,0.9074074074074074,0.46296296296296297,0.5740740740740741,0.541700190449032,0.17253521126760563,0.8675899318859088,0.3430737322948626,0.26852128810746906,750.0,54.0,0.072,44,79,0.915796385324144,73,25,18,12,42,data\synthetic\seed_42\human_annotations_majority.csv,data\synthetic\seed_42\sample_manifest_merged.json,False
A3_feedback_propagasi,entity,0.667716564409661,0.9074074074074074,0.5555555555555556,0.6851851851851852,0.5329948665876911,0.19066147859922178,0.9034866624658685,0.3425118063227474,0.30145905918084653,583.0,54.0,0.09262435677530018,45,120,0.9160763810569493,73,25,18,12,42,data\synthetic\seed_42\human_annotations_majority.csv,data\synthetic\seed_42\sample_manifest_merged.json,False
A3_feedback_propagasi,all,0.6167552193298314,0.9074074074074074,0.5,0.6296296296296297,0.5175379198266522,0.15806451612903225,0.8997977862920392,0.34963983739695204,0.2981911654780406,750.0,54.0,0.072,45,120,0.9160763810569493,73,25,18,12,42,data\synthetic\seed_42\human_annotations_majority.csv,data\synthetic\seed_42\sample_manifest_merged.json,False
A3_feedback_propagasi,entity,0.6993919683077597,0.9074074074074074,0.5740740740740741,0.7592592592592593,0.5255988674744457,0.18631178707224336,0.9125533851431772,0.3498274092899457,0.3105912503665092,583.0,54.0,0.09262435677530018,46,181,0.9155577057130417,73,25,18,12,42,data\synthetic\seed_42\human_annotations_majority.csv,data\synthetic\seed_42\sample_manifest_merged.json,False
A3_feedback_propagasi,all,0.5998416873261502,0.9074074074074074,0.5185185185185185,0.6666666666666666,0.5111720173137022,0.15457413249211358,0.904347594721158,0.36401185201927205,0.3108099951686822,750.0,54.0,0.072,46,181,0.9155577057130417,73,25,18,12,42,data\synthetic\seed_42\human_annotations_majority.csv,data\synthetic\seed_42\sample_manifest_merged.json,False
A2_feedback_langsung,entity,0.6630883424936763,0.9259259259259259,0.5555555555555556,0.6851851851851852,0.5474035236663874,0.20080321285140562,0.899915984036967,0.3172755271799197,0.26769960232427586,583.0,54.0,0.09262435677530018,42,117,0.9121244943118896,38,50,38,23,42,data\synthetic\seed_42\human_annotations_majority.csv,data\synthetic\seed_42\sample_manifest_merged.json,False
A2_feedback_langsung,all,0.6026583873166508,0.9259259259259259,0.5185185185185185,0.6111111111111112,0.5165800464370691,0.15873015873015872,0.8850308641975309,0.36991843971527705,0.2953040846618561,750.0,54.0,0.072,42,117,0.9121244943118896,38,50,38,23,42,data\synthetic\seed_42\human_annotations_majority.csv,data\synthetic\seed_42\sample_manifest_merged.json,False
A2_feedback_langsung,entity,0.6836153161205607,0.8888888888888888,0.5925925925925926,0.7222222222222222,0.54721963342653,0.19834710743801653,0.9106630259749352,0.311723030122546,0.2681582781066739,583.0,54.0,0.09262435677530018,43,114,0.9184809232505696,38,50,38,23,42,data\synthetic\seed_42\human_annotations_majority.csv,data\synthetic\seed_42\sample_manifest_merged.json,False
A2_feedback_langsung,all,0.6231270389357663,0.8888888888888888,0.5370370370370371,0.6666666666666666,0.524865378523915,0.1610738255033557,0.9045072371221796,0.3352731434080274,0.27410732989638165,750.0,54.0,0.072,43,114,0.9184809232505696,38,50,38,23,42,data\synthetic\seed_42\human_annotations_majority.csv,data\synthetic\seed_42\sample_manifest_merged.json,False
A2_feedback_langsung,entity,0.6314488488335931,0.8888888888888888,0.5185185185185185,0.7592592592592593,0.5573272589217919,0.20512820512820512,0.9017013232514177,0.29314412181297755,0.2607177282723585,583.0,54.0,0.09262435677530018,44,170,0.9193836126500057,38,50,38,23,42,data\synthetic\seed_42\human_annotations_majority.csv,data\synthetic\seed_42\sample_manifest_merged.json,False
A2_feedback_langsung,all,0.5594164040344615,0.8888888888888888,0.5,0.6481481481481481,0.5407084747934149,0.1708185053380783,0.893837803320562,0.31018139613960055,0.2621793054175137,750.0,54.0,0.072,44,170,0.9193836126500057,38,50,38,23,42,data\synthetic\seed_42\human_annotations_majority.csv,data\synthetic\seed_42\sample_manifest_merged.json,False
A2_feedback_langsung,entity,0.6324622983715958,0.8703703703703703,0.5185185185185185,0.6296296296296297,0.5824639289678135,0.22274881516587677,0.8931246936918015,0.2699829030839377,0.22883621644777954,583.0,54.0,0.09262435677530018,45,89,0.9137932313719216,38,50,38,23,42,data\synthetic\seed_42\human_annotations_majority.csv,data\synthetic\seed_42\sample_manifest_merged.json,False
A2_feedback_langsung,all,0.5844163137828406,0.8703703703703703,0.5,0.6111111111111112,0.5559574040586699,0.18007662835249041,0.8839133673903788,0.2908035569116383,0.2355494898968401,750.0,54.0,0.072,45,89,0.9137932313719216,38,50,38,23,42,data\synthetic\seed_42\human_annotations_majority.csv,data\synthetic\seed_42\sample_manifest_merged.json,False
A2_feedback_langsung,entity,0.6080620535385567,0.9074074074074074,0.5370370370370371,0.6296296296296297,0.5367132867132867,0.19291338582677164,0.8798221662115802,0.3344205509035959,0.2842247804439437,583.0,54.0,0.09262435677530018,46,91,0.9107701349320516,38,50,38,23,42,data\synthetic\seed_42\human_annotations_majority.csv,data\synthetic\seed_42\sample_manifest_merged.json,False
A2_feedback_langsung,all,0.48500353676779295,0.9074074074074074,0.42592592592592593,0.5925925925925926,0.520281921012503,0.15960912052117263,0.8637718177948063,0.3671328317434984,0.29409827752906853,750.0,54.0,0.072,46,91,0.9107701349320516,38,50,38,23,42,data\synthetic\seed_42\human_annotations_majority.csv,data\synthetic\seed_42\sample_manifest_merged.json,False
A3_feedback_propagasi,entity,0.6480381661733845,0.9444444444444444,0.5370370370370371,0.6481481481481481,0.5292927058563291,0.19101123595505617,0.9028215360918574,0.35592040722423013,0.2977847507555342,583.0,54.0,0.09262435677530018,42,100,0.9077878903309325,135,50,38,23,42,data\synthetic\seed_42\human_annotations_majority.csv,data\synthetic\seed_42\sample_manifest_merged.json,False
A3_feedback_propagasi,all,0.5787924241891439,0.9444444444444444,0.46296296296296297,0.6481481481481481,0.46090335114133074,0.13385826771653545,0.8911504895700297,0.41915786151064,0.3329832905690425,750.0,54.0,0.072,42,100,0.9077878903309325,135,50,38,23,42,data\synthetic\seed_42\human_annotations_majority.csv,data\synthetic\seed_42\sample_manifest_merged.json,False
A3_feedback_propagasi,entity,0.6919948610104223,0.9629629629629629,0.5555555555555556,0.7407407407407407,0.5653308480894688,0.21487603305785125,0.920114821816145,0.3164460669434722,0.2635371270698431,583.0,54.0,0.09262435677530018,43,114,0.9164163023834716,135,50,38,23,42,data\synthetic\seed_42\human_annotations_majority.csv,data\synthetic\seed_42\sample_manifest_merged.json,False
A3_feedback_propagasi,all,0.6085445141572396,0.9629629629629629,0.5370370370370371,0.6296296296296297,0.5444786311114221,0.17747440273037543,0.9122232865048957,0.3375251858364894,0.26917614999554396,750.0,54.0,0.072,43,114,0.9164163023834716,135,50,38,23,42,data\synthetic\seed_42\human_annotations_majority.csv,data\synthetic\seed_42\sample_manifest_merged.json,False
A3_feedback_propagasi,entity,0.5971372416044844,0.9074074074074074,0.5185185185185185,0.6296296296296297,0.577536231884058,0.22072072072072071,0.8897990618217461,0.2865490768884854,0.23091961950278217,583.0,54.0,0.09262435677530018,44,79,0.9099518579974359,135,50,38,23,42,data\synthetic\seed_42\human_annotations_majority.csv,data\synthetic\seed_42\sample_manifest_merged.json,False
A3_feedback_propagasi,all,0.472674561030068,0.9074074074074074,0.4444444444444444,0.5740740740740741,0.551267377008241,0.17883211678832117,0.8682950191570882,0.336761119974195,0.25553166813353795,750.0,54.0,0.072,44,79,0.9099518579974359,135,50,38,23,42,data\synthetic\seed_42\human_annotations_majority.csv,data\synthetic\seed_42\sample_manifest_merged.json,False
A3_feedback_propagasi,entity,0.661818620272601,0.9074074074074074,0.5370370370370371,0.7222222222222222,0.5492221569294529,0.20081967213114754,0.9041517888398796,0.321685690560634,0.2746683542570814,583.0,54.0,0.09262435677530018,45,98,0.907498780786953,135,50,38,23,42,data\synthetic\seed_42\human_annotations_majority.csv,data\synthetic\seed_42\sample_manifest_merged.json,False
A3_feedback_propagasi,all,0.6076011499274109,0.9074074074074074,0.5,0.6296296296296297,0.5304347826086957,0.16554054054054054,0.8964985100042572,0.3398761373709033,0.27735117034476564,750.0,54.0,0.072,45,98,0.907498780786953,135,50,38,23,42,data\synthetic\seed_42\human_annotations_majority.csv,data\synthetic\seed_42\sample_manifest_merged.json,False
A3_feedback_propagasi,entity,0.6453798520387611,0.8888888888888888,0.5185185185185185,0.6851851851851852,0.5286098418608149,0.1867704280155642,0.8923895540152629,0.341987620890917,0.29892266033274845,583.0,54.0,0.09262435677530018,46,200,0.9118999049418086,135,50,38,23,42,data\synthetic\seed_42\human_annotations_majority.csv,data\synthetic\seed_42\sample_manifest_merged.json,False
A3_feedback_propagasi,all,0.5586038432895338,0.8888888888888888,0.5,0.6481481481481481,0.5139103853892586,0.15483870967741936,0.8881704980842913,0.3555289512366132,0.29819120723957376,750.0,54.0,0.072,46,200,0.9118999049418086,135,50,38,23,42,data\synthetic\seed_42\human_annotations_majority.csv,data\synthetic\seed_42\sample_manifest_merged.json,False
A2_feedback_langsung,entity,0.6667451267997406,0.8888888888888888,0.5555555555555556,0.6851851851851852,0.5547866477720045,0.2033898305084746,0.8960652523979555,0.30257451648524525,0.2582176522950832,583.0,54.0,0.09262435677530018,42,134,0.9110442848016596,73,100,73,43,42,data\synthetic\seed_42\human_annotations_majority.csv,data\synthetic\seed_42\sample_manifest_merged.json,False
A2_feedback_langsung,all,0.6116695922598452,0.8888888888888888,0.5185185185185185,0.6296296296296297,0.5276313856892847,0.16271186440677965,0.8826362281822052,0.3502551968932348,0.27975951864762383,750.0,54.0,0.072,42,134,0.9110442848016596,73,100,73,43,42,data\synthetic\seed_42\human_annotations_majority.csv,data\synthetic\seed_42\sample_manifest_merged.json,False
A2_feedback_langsung,entity,0.6468988500601985,0.9259259259259259,0.5740740740740741,0.6851851851851852,0.5274600008142328,0.18867924528301888,0.8968353987257578,0.34410114474356823,0.27520327424259783,583.0,54.0,0.09262435677530018,43,51,0.9043197504822295,73,100,73,43,42,data\synthetic\seed_42\human_annotations_majority.csv,data\synthetic\seed_42\sample_manifest_merged.json,False
A2_feedback_langsung,all,0.581280791713785,0.9259259259259259,0.5,0.6296296296296297,0.5074836592846097,0.15384615384615385,0.8867869306087697,0.3821166221138234,0.2905076410819784,750.0,54.0,0.072,43,51,0.9043197504822295,73,100,73,43,42,data\synthetic\seed_42\human_annotations_majority.csv,data\synthetic\seed_42\sample_manifest_merged.json,False
A2_feedback_langsung,entity,0.5923343128781268,0.8888888888888888,0.48148148148148145,0.6296296296296297,0.5224869694713329,0.183206106870229,0.870020303857733,0.3540751447459244,0.32273781914134647,583.0,54.0,0.09262435677530018,44,163,0.9160569174129181,73,100,73,43,42,data\synthetic\seed_42\human_annotations_majority.csv,data\synthetic\seed_42\sample_manifest_merged.json,False
A2_feedback_langsung,all,0.5258477920243757,0.8888888888888888,0.46296296296296297,0.5740740740740741,0.5102934398525119,0.15286624203821655,0.8621620902511706,0.37726043183075675,0.32221150122205794,750.0,54.0,0.072,44,163,0.9160569174129181,73,100,73,43,42,data\synthetic\seed_42\human_annotations_majority.csv,data\synthetic\seed_42\sample_manifest_merged.json,False
A2_feedback_langsung,entity,0.6588942028972548,0.9074074074074074,0.5370370370370371,0.7777777777777778,0.5367132867132867,0.19291338582677164,0.9046068753063082,0.32869324912415826,0.2844896339922663,583.0,54.0,0.09262435677530018,45,103,0.9139590497149507,73,100,73,43,42,data\synthetic\seed_42\human_annotations_majority.csv,data\synthetic\seed_42\sample_manifest_merged.json,False
A2_feedback_langsung,all,0.6087238209509301,0.9074074074074074,0.5,0.5925925925925926,0.5211988304093567,0.16013071895424835,0.9013676032354193,0.3401799231794576,0.28288428178568903,750.0,54.0,0.072,45,103,0.9139590497149507,73,100,73,43,42,data\synthetic\seed_42\human_annotations_majority.csv,data\synthetic\seed_42\sample_manifest_merged.json,False
A2_feedback_langsung,entity,0.635259752665804,0.9074074074074074,0.5370370370370371,0.6666666666666666,0.5467051578137028,0.1991869918699187,0.8955751592802632,0.3156900384766175,0.26769761424984256,583.0,54.0,0.09262435677530018,46,105,0.9080229705346633,73,100,73,43,42,data\synthetic\seed_42\human_annotations_majority.csv,data\synthetic\seed_42\sample_manifest_merged.json,False
A2_feedback_langsung,all,0.5556950584071068,0.9074074074074074,0.48148148148148145,0.6111111111111112,0.5313655249328477,0.16610169491525423,0.88215730097914,0.34805141860998584,0.2766482239112928,750.0,54.0,0.072,46,105,0.9080229705346633,73,100,73,43,42,data\synthetic\seed_42\human_annotations_majority.csv,data\synthetic\seed_42\sample_manifest_merged.json,False
A3_feedback_propagasi,entity,0.6571993368755008,0.9259259259259259,0.5370370370370371,0.7222222222222222,0.5448868071818891,0.199203187250996,0.906672267730869,0.3302767401288156,0.2672097250337416,583.0,54.0,0.09262435677530018,42,111,0.8972038680885638,239,100,73,43,42,data\synthetic\seed_42\human_annotations_majority.csv,data\synthetic\seed_42\sample_manifest_merged.json,False
A3_feedback_propagasi,all,0.6198072528174331,0.9259259259259259,0.5,0.6481481481481481,0.5211654542640458,0.16129032258064516,0.8996647509578544,0.3706817528793108,0.2828103948470626,750.0,54.0,0.072,42,111,0.8972038680885638,239,100,73,43,42,data\synthetic\seed_42\human_annotations_majority.csv,data\synthetic\seed_42\sample_manifest_merged.json,False
A3_feedback_propagasi,entity,0.6441110891048718,0.9074074074074074,0.5370370370370371,0.7222222222222222,0.5619384333080233,0.2094017094017094,0.9050619617727367,0.3121575273854459,0.2362231739853366,583.0,54.0,0.09262435677530018,43,52,0.8981910811470537,239,100,73,43,42,data\synthetic\seed_42\human_annotations_majority.csv,data\synthetic\seed_42\sample_manifest_merged.json,False
A3_feedback_propagasi,all,0.6014156062643933,0.9074074074074074,0.48148148148148145,0.6851851851851852,0.5379207950792352,0.1701388888888889,0.8968444018731375,0.35172596047817933,0.2515178999234955,750.0,54.0,0.072,43,52,0.8981910811470537,239,100,73,43,42,data\synthetic\seed_42\human_annotations_majority.csv,data\synthetic\seed_42\sample_manifest_merged.json,False
A3_feedback_propagasi,entity,0.6436931870527748,0.9259259259259259,0.5555555555555556,0.6666666666666666,0.5678451518791151,0.2145922746781116,0.9056920814954841,0.3073978702146792,0.2427768811468809,583.0,54.0,0.09262435677530018,44,79,0.9009544933163003,239,100,73,43,42,data\synthetic\seed_42\human_annotations_majority.csv,data\synthetic\seed_42\sample_manifest_merged.json,False
A3_feedback_propagasi,all,0.5917037420605447,0.9259259259259259,0.5185185185185185,0.6296296296296297,0.550321529755977,0.17921146953405018,0.8995051085568326,0.3462070563624657,0.25623938030558413,750.0,54.0,0.072,44,79,0.9009544933163003,239,100,73,43,42,data\synthetic\seed_42\human_annotations_majority.csv,data\synthetic\seed_42\sample_manifest_merged.json,False
A3_feedback_propagasi,entity,0.6999975113910544,0.9444444444444444,0.5925925925925926,0.7592592592592593,0.5659618820726623,0.21428571428571427,0.9226002940558706,0.3131607439873919,0.2504135878703192,583.0,54.0,0.09262435677530018,45,67,0.9010790024785805,239,100,73,43,42,data\synthetic\seed_42\human_annotations_majority.csv,data\synthetic\seed_42\sample_manifest_merged.json,False
A3_feedback_propagasi,all,0.65848925967179,0.9444444444444444,0.5370370370370371,0.7222222222222222,0.5435845336766718,0.17586206896551723,0.9191943380161771,0.34940619651080396,0.26239050781789974,750.0,54.0,0.072,45,67,0.9010790024785805,239,100,73,43,42,data\synthetic\seed_42\human_annotations_majority.csv,data\synthetic\seed_42\sample_manifest_merged.json,False
A3_feedback_propagasi,entity,0.674683131559451,0.8703703703703703,0.5370370370370371,0.7407407407407407,0.5327955183783124,0.188,0.9037317090247147,0.34314554045584666,0.29853403080599805,583.0,54.0,0.09262435677530018,46,193,0.902986115092339,239,100,73,43,42,data\synthetic\seed_42\human_annotations_majority.csv,data\synthetic\seed_42\sample_manifest_merged.json,False
A3_feedback_propagasi,all,0.6439550228117389,0.8703703703703703,0.5185185185185185,0.6666666666666666,0.5193303162067027,0.15666666666666668,0.9055449127288208,0.3541406446997138,0.29088485235892525,750.0,54.0,0.072,46,193,0.902986115092339,239,100,73,43,42,data\synthetic\seed_42\human_annotations_majority.csv,data\synthetic\seed_42\sample_manifest_merged.json,False
A2_feedback_langsung,entity,0.7284726207135411,0.9629629629629629,0.6111111111111112,0.8148148148148148,0.5512204555710185,0.20553359683794467,0.9247707064342225,0.3313550238441895,0.27993712032160945,583.0,54.0,0.09262435677530018,42,184,0.9139683426363271,107,150,107,63,42,data\synthetic\seed_42\human_annotations_majority.csv,data\synthetic\seed_42\sample_manifest_merged.json,False
A2_feedback_langsung,all,0.6661006809549568,0.9629629629629629,0.5370370370370371,0.7037037037037037,0.528420523138833,0.16774193548387098,0.9180768412090251,0.3640439713716702,0.29044824266901126,750.0,54.0,0.072,42,184,0.9139683426363271,107,150,107,63,42,data\synthetic\seed_42\human_annotations_majority.csv,data\synthetic\seed_42\sample_manifest_merged.json,False
A2_feedback_langsung,entity,0.6828749757617907,0.8703703703703703,0.5555555555555556,0.7407407407407407,0.5798119425245696,0.22065727699530516,0.9039067422810334,0.2734872032366218,0.23086386664192307,583.0,54.0,0.09262435677530018,43,108,0.9151146743192271,107,150,107,63,42,data\synthetic\seed_42\human_annotations_majority.csv,data\synthetic\seed_42\sample_manifest_merged.json,False
A2_feedback_langsung,all,0.6492438578951026,0.8703703703703703,0.5185185185185185,0.7037037037037037,0.557910376253933,0.18146718146718147,0.8937313750532141,0.3066806303744792,0.23584786036160524,750.0,54.0,0.072,43,108,0.9151146743192271,107,150,107,63,42,data\synthetic\seed_42\human_annotations_majority.csv,data\synthetic\seed_42\sample_manifest_merged.json,False
A2_feedback_langsung,entity,0.65017048581413,0.8888888888888888,0.5370370370370371,0.7037037037037037,0.5434647595020696,0.19591836734693877,0.9002835538752363,0.3314632632273989,0.290683457754583,583.0,54.0,0.09262435677530018,44,162,0.919436076728124,107,150,107,63,42,data\synthetic\seed_42\human_annotations_majority.csv,data\synthetic\seed_42\sample_manifest_merged.json,False
A2_feedback_langsung,all,0.5956185515353942,0.8888888888888888,0.48148148148148145,0.6296296296296297,0.529482042835255,0.16382252559726962,0.8956071732652192,0.350396636751384,0.28969057531168463,750.0,54.0,0.072,44,162,0.919436076728124,107,150,107,63,42,data\synthetic\seed_42\human_annotations_majority.csv,data\synthetic\seed_42\sample_manifest_merged.json,False
A2_feedback_langsung,entity,0.620094870456206,0.8888888888888888,0.5185185185185185,0.6481481481481481,0.5767200324871098,0.2191780821917808,0.8941398865784499,0.27850091451590797,0.22291509575973337,583.0,54.0,0.09262435677530018,45,63,0.9109038348737163,107,150,107,63,42,data\synthetic\seed_42\human_annotations_majority.csv,data\synthetic\seed_42\sample_manifest_merged.json,False
A2_feedback_langsung,all,0.5613308044176656,0.8888888888888888,0.48148148148148145,0.5925925925925926,0.5512093726379441,0.17777777777777778,0.8778735632183908,0.3185680926390511,0.2393421684313029,750.0,54.0,0.072,45,63,0.9109038348737163,107,150,107,63,42,data\synthetic\seed_42\human_annotations_majority.csv,data\synthetic\seed_42\sample_manifest_merged.json,False
A2_feedback_langsung,entity,0.6397977707310086,0.9074074074074074,0.5185185185185185,0.6851851851851852,0.5645104895104895,0.21120689655172414,0.8984457046838898,0.3123181042934654,0.2515400796939946,583.0,54.0,0.09262435677530018,46,89,0.9114631798499903,107,150,107,63,42,data\synthetic\seed_42\human_annotations_majority.csv,data\synthetic\seed_42\sample_manifest_merged.json,False
A2_feedback_langsung,all,0.5373107487361545,0.9074074074074074,0.5,0.5925925925925926,0.5407529365133811,0.17192982456140352,0.8885696040868455,0.3514675476114499,0.2690154483560683,750.0,54.0,0.072,46,89,0.9114631798499903,107,150,107,63,42,data\synthetic\seed_42\human_annotations_majority.csv,data\synthetic\seed_42\sample_manifest_merged.json,False
A3_feedback_propagasi,entity,0.7189572292752489,0.9444444444444444,0.5925925925925926,0.7777777777777778,0.5620891630504583,0.21161825726141079,0.9262409857872995,0.3153149564879456,0.24759548733009895,583.0,54.0,0.09262435677530018,42,117,0.8977975500985218,354,150,107,63,42,data\synthetic\seed_42\human_annotations_majority.csv,data\synthetic\seed_42\sample_manifest_merged.json,False
A3_feedback_propagasi,all,0.6506361566179714,0.9444444444444444,0.5555555555555556,0.7407407407407407,0.5275780134685867,0.16612377850162866,0.9142720306513409,0.37136669315344717,0.27616116820461467,750.0,54.0,0.072,42,117,0.8977975500985218,354,150,107,63,42,data\synthetic\seed_42\human_annotations_majority.csv,data\synthetic\seed_42\sample_manifest_merged.json,False
A3_feedback_propagasi,entity,0.6518482627383176,0.9444444444444444,0.5925925925925926,0.6851851851851852,0.5255784287850797,0.18888888888888888,0.9023314429741651,0.3734647410189389,0.2946700271329778,583.0,54.0,0.09262435677530018,43,61,0.9036157343669278,354,150,107,63,42,data\synthetic\seed_42\human_annotations_majority.csv,data\synthetic\seed_42\sample_manifest_merged.json,False
A3_feedback_propagasi,all,0.6245442260314831,0.9444444444444444,0.5555555555555556,0.6296296296296297,0.5101033834586466,0.15644171779141106,0.9033897403150276,0.4051992097013378,0.3030691430836204,750.0,54.0,0.072,43,61,0.9036157343669278,354,150,107,63,42,data\synthetic\seed_42\human_annotations_majority.csv,data\synthetic\seed_42\sample_manifest_merged.json,False
A3_feedback_propagasi,entity,0.6057158458532861,0.9259259259259259,0.5555555555555556,0.6481481481481481,0.5601100907388512,0.20920502092050208,0.894524959742351,0.3302316566955729,0.2579090600805682,583.0,54.0,0.09262435677530018,44,64,0.8998971505374078,354,150,107,63,42,data\synthetic\seed_42\human_annotations_majority.csv,data\synthetic\seed_42\sample_manifest_merged.json,False
A3_feedback_propagasi,all,0.5322572200142132,0.9259259259259259,0.4444444444444444,0.6296296296296297,0.5417083295457988,0.1736111111111111,0.886041932737335,0.369183666882241,0.2726209733635541,750.0,54.0,0.072,44,64,0.8998971505374078,354,150,107,63,42,data\synthetic\seed_42\human_annotations_majority.csv,data\synthetic\seed_42\sample_manifest_merged.json,False
A3_feedback_propagasi,entity,0.6695342553335236,0.8888888888888888,0.5740740740740741,0.7592592592592593,0.5560557578722682,0.20425531914893616,0.9076874606175173,0.30350511422270277,0.23347533057205477,583.0,54.0,0.09262435677530018,45,67,0.9042209051410072,354,150,107,63,42,data\synthetic\seed_42\human_annotations_majority.csv,data\synthetic\seed_42\sample_manifest_merged.json,False
A3_feedback_propagasi,all,0.6251412299463096,0.8888888888888888,0.5185185185185185,0.6481481481481481,0.5378810253694406,0.16901408450704225,0.8990527884206045,0.3415295515027246,0.24729776461349812,750.0,54.0,0.072,45,67,0.9042209051410072,354,150,107,63,42,data\synthetic\seed_42\human_annotations_majority.csv,data\synthetic\seed_42\sample_manifest_merged.json,False
A3_feedback_propagasi,entity,0.6177074402074861,0.9259259259259259,0.5370370370370371,0.6666666666666666,0.5373798913145673,0.19455252918287938,0.892914653784219,0.34679141506867894,0.27581827198164055,583.0,54.0,0.09262435677530018,46,72,0.9004936943603327,354,150,107,63,42,data\synthetic\seed_42\human_annotations_majority.csv,data\synthetic\seed_42\sample_manifest_merged.json,False
A3_feedback_propagasi,all,0.5197140290723339,0.9259259259259259,0.46296296296296297,0.5925925925925926,0.5184110088477698,0.1597444089456869,0.8768358876117497,0.3844346410364572,0.2910717098006878,750.0,54.0,0.072,46,72,0.9004936943603327,354,150,107,63,42,data\synthetic\seed_42\human_annotations_majority.csv,data\synthetic\seed_42\sample_manifest_merged.json,False
A2_feedback_langsung,entity,0.6375089390413535,0.8888888888888888,0.5555555555555556,0.6481481481481481,0.49707738399916956,0.1696113074204947,0.8790520198837779,0.3844776984448611,0.33797870191055446,583.0,54.0,0.09262435677530018,42,167,0.9143965342367535,136,200,136,77,42,data\synthetic\seed_42\human_annotations_majority.csv,data\synthetic\seed_42\sample_manifest_merged.json,False
A2_feedback_langsung,all,0.5823388175990859,0.8888888888888888,0.48148148148148145,0.6111111111111112,0.4818181818181818,0.13872832369942195,0.8647562792677735,0.42604884848574875,0.35364731280791983,750.0,54.0,0.072,42,167,0.9143965342367535,136,200,136,77,42,data\synthetic\seed_42\human_annotations_majority.csv,data\synthetic\seed_42\sample_manifest_merged.json,False
A2_feedback_langsung,entity,0.6704598308525136,0.8888888888888888,0.5555555555555556,0.7407407407407407,0.5547866477720045,0.2033898305084746,0.8985507246376812,0.30768428208377585,0.2552081872175836,583.0,54.0,0.09262435677530018,43,84,0.9086765469657985,136,200,136,77,42,data\synthetic\seed_42\human_annotations_majority.csv,data\synthetic\seed_42\sample_manifest_merged.json,False
A2_feedback_langsung,all,0.6382853055200705,0.8888888888888888,0.5185185185185185,0.6851851851851852,0.5350678990635572,0.1672473867595819,0.8866538952745849,0.3443667990093745,0.26522812612774577,750.0,54.0,0.072,43,84,0.9086765469657985,136,200,136,77,42,data\synthetic\seed_42\human_annotations_majority.csv,data\synthetic\seed_42\sample_manifest_merged.json,False
A2_feedback_langsung,entity,0.6462548962370949,0.9074074074074074,0.5555555555555556,0.7037037037037037,0.5517474370922647,0.2024793388429752,0.8963453056080655,0.3264301959602929,0.2680445875454485,583.0,54.0,0.09262435677530018,44,94,0.9099005314533527,136,200,136,77,42,data\synthetic\seed_42\human_annotations_majority.csv,data\synthetic\seed_42\sample_manifest_merged.json,False
A2_feedback_langsung,all,0.6092069327875275,0.9074074074074074,0.5185185185185185,0.5925925925925926,0.5379207950792352,0.1701388888888889,0.887718177948063,0.36427945839505027,0.27865673670124286,750.0,54.0,0.072,44,94,0.9099005314533527,136,200,136,77,42,data\synthetic\seed_42\human_annotations_majority.csv,data\synthetic\seed_42\sample_manifest_merged.json,False
A2_feedback_langsung,entity,0.6160722778243236,0.8888888888888888,0.5185185185185185,0.6296296296296297,0.5522554151907464,0.20168067226890757,0.8868234964643282,0.3184317216036704,0.26216622130503453,583.0,54.0,0.09262435677530018,45,62,0.9068152448600991,136,200,136,77,42,data\synthetic\seed_42\human_annotations_majority.csv,data\synthetic\seed_42\sample_manifest_merged.json,False
A2_feedback_langsung,all,0.5779827657517711,0.8888888888888888,0.5,0.5925925925925926,0.5341332606126716,0.16666666666666666,0.8785919540229885,0.3502214610946054,0.2687039727983707,750.0,54.0,0.072,45,62,0.9068152448600991,136,200,136,77,42,data\synthetic\seed_42\human_annotations_majority.csv,data\synthetic\seed_42\sample_manifest_merged.json,False
A2_feedback_langsung,entity,0.6455955897391557,0.9074074074074074,0.5370370370370371,0.7222222222222222,0.553013290782074,0.2033195020746888,0.9016313099488904,0.3291192357784807,0.2608862583075955,583.0,54.0,0.09262435677530018,46,90,0.9094042935577181,136,200,136,77,42,data\synthetic\seed_42\human_annotations_majority.csv,data\synthetic\seed_42\sample_manifest_merged.json,False
A2_feedback_langsung,all,0.5706885578648486,0.9074074074074074,0.5,0.5925925925925926,0.5341661574217851,0.1678082191780822,0.8907779906343125,0.3647949010056909,0.27485774936316354,750.0,54.0,0.072,46,90,0.9094042935577181,136,200,136,77,42,data\synthetic\seed_42\human_annotations_majority.csv,data\synthetic\seed_42\sample_manifest_merged.json,False
A3_feedback_propagasi,entity,0.6835671315807765,0.9629629629629629,0.6111111111111112,0.7222222222222222,0.5286087990487515,0.1918819188191882,0.9136735979836169,0.3538143740367168,0.2702659237519942,583.0,54.0,0.09262435677530018,42,83,0.8963709722328,435,200,136,77,42,data\synthetic\seed_42\human_annotations_majority.csv,data\synthetic\seed_42\sample_manifest_merged.json,False
A3_feedback_propagasi,all,0.6343989336380785,0.9629629629629629,0.5555555555555556,0.6851851851851852,0.49816278480261067,0.15160349854227406,0.9088441890166028,0.4053030583071911,0.29578260387463423,750.0,54.0,0.072,42,83,0.8963709722328,435,200,136,77,42,data\synthetic\seed_42\human_annotations_majority.csv,data\synthetic\seed_42\sample_manifest_merged.json,False
A3_feedback_propagasi,entity,0.6449868437957366,0.8518518518518519,0.5555555555555556,0.6666666666666666,0.5443613156602847,0.1940928270042194,0.8869285164181195,0.31083666016213174,0.2527373051795731,583.0,54.0,0.09262435677530018,43,108,0.9057254326315547,435,200,136,77,42,data\synthetic\seed_42\human_annotations_majority.csv,data\synthetic\seed_42\sample_manifest_merged.json,False
A3_feedback_propagasi,all,0.6248238745001352,0.8518518518518519,0.5555555555555556,0.5925925925925926,0.5339509659925432,0.16428571428571428,0.8845785440613027,0.33477410946725283,0.2483138871442535,750.0,54.0,0.072,43,108,0.9057254326315547,435,200,136,77,42,data\synthetic\seed_42\human_annotations_majority.csv,data\synthetic\seed_42\sample_manifest_merged.json,False
A3_feedback_propagasi,entity,0.6829215571150318,0.9814814814814815,0.5925925925925926,0.7222222222222222,0.5291271319634437,0.19343065693430658,0.9146537842190016,0.37320954983648713,0.2989880526065838,583.0,54.0,0.09262435677530018,44,106,0.905959156101624,435,200,136,77,42,data\synthetic\seed_42\human_annotations_majority.csv,data\synthetic\seed_42\sample_manifest_merged.json,False
A3_feedback_propagasi,all,0.6605921864675873,0.9814814814814815,0.5740740740740741,0.6296296296296297,0.5227059013497213,0.165625,0.9187154108131119,0.39223283402895315,0.2954305061281067,750.0,54.0,0.072,44,106,0.905959156101624,435,200,136,77,42,data\synthetic\seed_42\human_annotations_majority.csv,data\synthetic\seed_42\sample_manifest_merged.json,False
A3_feedback_propagasi,entity,0.6665611210167187,0.9259259259259259,0.5740740740740741,0.7407407407407407,0.570444271860127,0.21645021645021645,0.912308338584331,0.30816482822163654,0.2348677211067058,583.0,54.0,0.09262435677530018,45,67,0.892936491298965,435,200,136,77,42,data\synthetic\seed_42\human_annotations_majority.csv,data\synthetic\seed_42\sample_manifest_merged.json,False
A3_feedback_propagasi,all,0.6389704306679179,0.9259259259259259,0.5555555555555556,0.7037037037037037,0.5512873411454036,0.17985611510791366,0.913127926777352,0.3320782570090184,0.23673560729221027,750.0,54.0,0.072,45,67,0.892936491298965,435,200,136,77,42,data\synthetic\seed_42\human_annotations_majority.csv,data\synthetic\seed_42\sample_manifest_merged.json,False
A3_feedback_propagasi,entity,0.6170686403975824,0.9259259259259259,0.5370370370370371,0.6111111111111112,0.5461442178532178,0.2,0.8862283833928447,0.3435280164128764,0.28045597402757644,583.0,54.0,0.09262435677530018,46,134,0.9036144353732599,435,200,136,77,42,data\synthetic\seed_42\human_annotations_majority.csv,data\synthetic\seed_42\sample_manifest_merged.json,False
A3_feedback_propagasi,all,0.5604304702869035,0.9259259259259259,0.5,0.5740740740740741,0.5360392720306513,0.17006802721088435,0.8831949765857812,0.35189066274092573,0.2757848740646967,750.0,54.0,0.072,46,134,0.9036144353732599,435,200,136,77,42,data\synthetic\seed_42\human_annotations_majority.csv,data\synthetic\seed_42\sample_manifest_merged.json,False
